run_id,dataset,backend,n_alt,arm,repeat,idx,solve_time_s,simplex_iterations,barrier_iterations,status
norse_fixed_highs,Norse,highs,2,barrier,1,1,3.0525,0,77,OPTIMAL
norse_fixed_highs,Norse,highs,2,barrier,1,2,3.1628,0,79,OPTIMAL
norse_fixed_highs,Norse,highs,2,barrier,2,1,3.0700,0,77,OPTIMAL
norse_fixed_highs,Norse,highs,2,barrier,2,2,3.1643,0,79,OPTIMAL
norse_fixed_highs,Norse,highs,2,barrier,3,1,3.1683,0,77,OPTIMAL
norse_fixed_highs,Norse,highs,2,barrier,3,2,3.1516,0,79,OPTIMAL
norse_fixed_highs,Norse,highs,2,warm_primal_simplex,1,1,3.0646,0,77,OPTIMAL
norse_fixed_highs,Norse,highs,2,warm_primal_simplex,1,2,0.0211,45,0,OPTIMAL
norse_fixed_highs,Norse,highs,2,warm_primal_simplex,2,1,3.0859,0,77,OPTIMAL
norse_fixed_highs,Norse,highs,2,warm_primal_simplex,2,2,0.0196,45,0,OPTIMAL
norse_fixed_highs,Norse,highs,2,warm_primal_simplex,3,1,3.2754,0,77,OPTIMAL
norse_fixed_highs,Norse,highs,2,warm_primal_simplex,3,2,0.0210,45,0,OPTIMAL
norse_fixed_highs,Norse,highs,5,barrier,1,1,3.2736,0,77,OPTIMAL
norse_fixed_highs,Norse,highs,5,barrier,1,2,3.1966,0,79,OPTIMAL
norse_fixed_highs,Norse,highs,5,barrier,1,3,2.8108,0,72,OPTIMAL
norse_fixed_highs,Norse,highs,5,barrier,1,4,3.5583,0,88,OPTIMAL
norse_fixed_highs,Norse,highs,5,barrier,1,5,7.7353,11102,108,OPTIMAL
norse_fixed_highs,Norse,highs,5,barrier,2,1,3.0592,0,77,OPTIMAL
norse_fixed_highs,Norse,highs,5,barrier,2,2,3.1279,0,79,OPTIMAL
norse_fixed_highs,Norse,highs,5,barrier,2,3,2.8537,0,72,OPTIMAL
norse_fixed_highs,Norse,highs,5,barrier,2,4,3.7022,0,88,OPTIMAL
norse_fixed_highs,Norse,highs,5,barrier,2,5,7.7611,11102,108,OPTIMAL
norse_fixed_highs,Norse,highs,5,barrier,3,1,3.1324,0,77,OPTIMAL
norse_fixed_highs,Norse,highs,5,barrier,3,2,3.2206,0,79,OPTIMAL
norse_fixed_highs,Norse,highs,5,barrier,3,3,3.0918,0,72,OPTIMAL
norse_fixed_highs,Norse,highs,5,barrier,3,4,3.8836,0,88,OPTIMAL
norse_fixed_highs,Norse,highs,5,barrier,3,5,8.0586,11102,108,OPTIMAL
norse_fixed_highs,Norse,highs,5,warm_primal_simplex,1,1,3.2973,0,77,OPTIMAL
norse_fixed_highs,Norse,highs,5,warm_primal_simplex,1,2,0.0227,45,0,OPTIMAL
norse_fixed_highs,Norse,highs,5,warm_primal_simplex,1,3,0.0203,34,0,OPTIMAL
norse_fixed_highs,Norse,highs,5,warm_primal_simplex,1,4,0.0166,11,0,OPTIMAL
norse_fixed_highs,Norse,highs,5,warm_primal_simplex,1,5,0.0228,32,0,OPTIMAL
norse_fixed_highs,Norse,highs,5,warm_primal_simplex,2,1,3.1676,0,77,OPTIMAL
norse_fixed_highs,Norse,highs,5,warm_primal_simplex,2,2,0.0216,45,0,OPTIMAL
norse_fixed_highs,Norse,highs,5,warm_primal_simplex,2,3,0.0196,34,0,OPTIMAL
norse_fixed_highs,Norse,highs,5,warm_primal_simplex,2,4,0.0155,11,0,OPTIMAL
norse_fixed_highs,Norse,highs,5,warm_primal_simplex,2,5,0.0195,32,0,OPTIMAL
norse_fixed_highs,Norse,highs,5,warm_primal_simplex,3,1,3.1567,0,77,OPTIMAL
norse_fixed_highs,Norse,highs,5,warm_primal_simplex,3,2,0.0200,45,0,OPTIMAL
norse_fixed_highs,Norse,highs,5,warm_primal_simplex,3,3,0.0183,34,0,OPTIMAL
norse_fixed_highs,Norse,highs,5,warm_primal_simplex,3,4,0.0145,11,0,OPTIMAL
norse_fixed_highs,Norse,highs,5,warm_primal_simplex,3,5,0.0217,32,0,OPTIMAL
norse_fixed_highs,Norse,highs,10,barrier,1,1,3.1126,0,77,OPTIMAL
norse_fixed_highs,Norse,highs,10,barrier,1,2,3.1329,0,79,OPTIMAL
norse_fixed_highs,Norse,highs,10,barrier,1,3,2.7965,0,72,OPTIMAL
norse_fixed_highs,Norse,highs,10,barrier,1,4,3.6112,0,88,OPTIMAL
norse_fixed_highs,Norse,highs,10,barrier,1,5,7.5094,11102,108,OPTIMAL
norse_fixed_highs,Norse,highs,10,barrier,1,6,2.9122,0,72,OPTIMAL
norse_fixed_highs,Norse,highs,10,barrier,1,7,3.3709,0,82,OPTIMAL
norse_fixed_highs,Norse,highs,10,barrier,1,8,3.6651,0,86,OPTIMAL
norse_fixed_highs,Norse,highs,10,barrier,1,9,5.8047,112,109,OPTIMAL
norse_fixed_highs,Norse,highs,10,barrier,1,10,3.4940,0,80,OPTIMAL
norse_fixed_highs,Norse,highs,10,barrier,2,1,3.4004,0,77,OPTIMAL
norse_fixed_highs,Norse,highs,10,barrier,2,2,3.3399,0,79,OPTIMAL
norse_fixed_highs,Norse,highs,10,barrier,2,3,2.9123,0,72,OPTIMAL
norse_fixed_highs,Norse,highs,10,barrier,2,4,3.8230,0,88,OPTIMAL
norse_fixed_highs,Norse,highs,10,barrier,2,5,8.1452,11102,108,OPTIMAL
norse_fixed_highs,Norse,highs,10,barrier,2,6,2.9879,0,72,OPTIMAL
norse_fixed_highs,Norse,highs,10,barrier,2,7,3.6976,0,82,OPTIMAL
norse_fixed_highs,Norse,highs,10,barrier,2,8,3.8604,0,86,OPTIMAL
norse_fixed_highs,Norse,highs,10,barrier,2,9,5.9507,112,109,OPTIMAL
norse_fixed_highs,Norse,highs,10,barrier,2,10,3.3907,0,80,OPTIMAL
norse_fixed_highs,Norse,highs,10,barrier,3,1,3.3225,0,77,OPTIMAL
norse_fixed_highs,Norse,highs,10,barrier,3,2,3.3394,0,79,OPTIMAL
norse_fixed_highs,Norse,highs,10,barrier,3,3,2.9113,0,72,OPTIMAL
norse_fixed_highs,Norse,highs,10,barrier,3,4,3.6772,0,88,OPTIMAL
norse_fixed_highs,Norse,highs,10,barrier,3,5,7.5829,11102,108,OPTIMAL
norse_fixed_highs,Norse,highs,10,barrier,3,6,2.8748,0,72,OPTIMAL
norse_fixed_highs,Norse,highs,10,barrier,3,7,3.3736,0,82,OPTIMAL
norse_fixed_highs,Norse,highs,10,barrier,3,8,3.5153,0,86,OPTIMAL
norse_fixed_highs,Norse,highs,10,barrier,3,9,5.5724,112,109,OPTIMAL
norse_fixed_highs,Norse,highs,10,barrier,3,10,3.2650,0,80,OPTIMAL
norse_fixed_highs,Norse,highs,10,warm_primal_simplex,1,1,3.3860,0,77,OPTIMAL
norse_fixed_highs,Norse,highs,10,warm_primal_simplex,1,2,0.0231,45,0,OPTIMAL
norse_fixed_highs,Norse,highs,10,warm_primal_simplex,1,3,0.0202,34,0,OPTIMAL
norse_fixed_highs,Norse,highs,10,warm_primal_simplex,1,4,0.0155,11,0,OPTIMAL
norse_fixed_highs,Norse,highs,10,warm_primal_simplex,1,5,0.0192,32,0,OPTIMAL
norse_fixed_highs,Norse,highs,10,warm_primal_simplex,1,6,0.0145,6,0,OPTIMAL
norse_fixed_highs,Norse,highs,10,warm_primal_simplex,1,7,0.0143,9,0,OPTIMAL
norse_fixed_highs,Norse,highs,10,warm_primal_simplex,1,8,0.0158,16,0,OPTIMAL
norse_fixed_highs,Norse,highs,10,warm_primal_simplex,1,9,0.0191,33,0,OPTIMAL
norse_fixed_highs,Norse,highs,10,warm_primal_simplex,1,10,0.0171,5,0,OPTIMAL
norse_fixed_highs,Norse,highs,10,warm_primal_simplex,2,1,3.4013,0,77,OPTIMAL
norse_fixed_highs,Norse,highs,10,warm_primal_simplex,2,2,0.0209,45,0,OPTIMAL
norse_fixed_highs,Norse,highs,10,warm_primal_simplex,2,3,0.0204,34,0,OPTIMAL
norse_fixed_highs,Norse,highs,10,warm_primal_simplex,2,4,0.0181,11,0,OPTIMAL
norse_fixed_highs,Norse,highs,10,warm_primal_simplex,2,5,0.0207,32,0,OPTIMAL
norse_fixed_highs,Norse,highs,10,warm_primal_simplex,2,6,0.0159,6,0,OPTIMAL
norse_fixed_highs,Norse,highs,10,warm_primal_simplex,2,7,0.0163,9,0,OPTIMAL
norse_fixed_highs,Norse,highs,10,warm_primal_simplex,2,8,0.0165,16,0,OPTIMAL
norse_fixed_highs,Norse,highs,10,warm_primal_simplex,2,9,0.0199,33,0,OPTIMAL
norse_fixed_highs,Norse,highs,10,warm_primal_simplex,2,10,0.0145,5,0,OPTIMAL
norse_fixed_highs,Norse,highs,10,warm_primal_simplex,3,1,3.2363,0,77,OPTIMAL
norse_fixed_highs,Norse,highs,10,warm_primal_simplex,3,2,0.0204,45,0,OPTIMAL
norse_fixed_highs,Norse,highs,10,warm_primal_simplex,3,3,0.0194,34,0,OPTIMAL
norse_fixed_highs,Norse,highs,10,warm_primal_simplex,3,4,0.0159,11,0,OPTIMAL
norse_fixed_highs,Norse,highs,10,warm_primal_simplex,3,5,0.0217,32,0,OPTIMAL
norse_fixed_highs,Norse,highs,10,warm_primal_simplex,3,6,0.0169,6,0,OPTIMAL
norse_fixed_highs,Norse,highs,10,warm_primal_simplex,3,7,0.0171,9,0,OPTIMAL
norse_fixed_highs,Norse,highs,10,warm_primal_simplex,3,8,0.0167,16,0,OPTIMAL
norse_fixed_highs,Norse,highs,10,warm_primal_simplex,3,9,0.0203,33,0,OPTIMAL
norse_fixed_highs,Norse,highs,10,warm_primal_simplex,3,10,0.0146,5,0,OPTIMAL
norse_fixed_highs,Norse,highs,25,barrier,1,1,3.2038,0,77,OPTIMAL
norse_fixed_highs,Norse,highs,25,barrier,1,2,3.2699,0,79,OPTIMAL
norse_fixed_highs,Norse,highs,25,barrier,1,3,2.8787,0,72,OPTIMAL
norse_fixed_highs,Norse,highs,25,barrier,1,4,3.6525,0,88,OPTIMAL
norse_fixed_highs,Norse,highs,25,barrier,1,5,7.7435,11102,108,OPTIMAL
norse_fixed_highs,Norse,highs,25,barrier,1,6,2.8832,0,72,OPTIMAL
norse_fixed_highs,Norse,highs,25,barrier,1,7,3.6538,0,82,OPTIMAL
norse_fixed_highs,Norse,highs,25,barrier,1,8,3.6586,0,86,OPTIMAL
norse_fixed_highs,Norse,highs,25,barrier,1,9,5.7045,112,109,OPTIMAL
norse_fixed_highs,Norse,highs,25,barrier,1,10,3.3139,0,80,OPTIMAL
norse_fixed_highs,Norse,highs,25,barrier,1,11,2.9406,0,72,OPTIMAL
norse_fixed_highs,Norse,highs,25,barrier,1,12,5.6246,18,109,OPTIMAL
norse_fixed_highs,Norse,highs,25,barrier,1,13,3.3612,0,80,OPTIMAL
norse_fixed_highs,Norse,highs,25,barrier,1,14,5.8669,34,122,OPTIMAL
norse_fixed_highs,Norse,highs,25,barrier,1,15,3.1062,0,78,OPTIMAL
norse_fixed_highs,Norse,highs,25,barrier,1,16,3.7586,21,74,OPTIMAL
norse_fixed_highs,Norse,highs,25,barrier,1,17,4.8891,170,105,OPTIMAL
norse_fixed_highs,Norse,highs,25,barrier,1,18,2.8958,0,76,OPTIMAL
norse_fixed_highs,Norse,highs,25,barrier,1,19,3.7691,50,77,OPTIMAL
norse_fixed_highs,Norse,highs,25,barrier,1,20,2.8722,0,76,OPTIMAL
norse_fixed_highs,Norse,highs,25,barrier,1,21,2.8729,0,75,OPTIMAL
norse_fixed_highs,Norse,highs,25,barrier,1,22,3.5158,0,87,OPTIMAL
norse_fixed_highs,Norse,highs,25,barrier,1,23,2.9071,0,72,OPTIMAL
norse_fixed_highs,Norse,highs,25,barrier,1,24,3.2290,0,84,OPTIMAL
norse_fixed_highs,Norse,highs,25,barrier,1,25,3.3889,55,76,OPTIMAL
norse_fixed_highs,Norse,highs,25,barrier,2,1,2.8902,0,77,OPTIMAL
norse_fixed_highs,Norse,highs,25,barrier,2,2,2.8904,0,79,OPTIMAL
norse_fixed_highs,Norse,highs,25,barrier,2,3,2.5599,0,72,OPTIMAL
norse_fixed_highs,Norse,highs,25,barrier,2,4,3.2495,0,88,OPTIMAL
norse_fixed_highs,Norse,highs,25,barrier,2,5,6.9837,11102,108,OPTIMAL
norse_fixed_highs,Norse,highs,25,barrier,2,6,2.5979,0,72,OPTIMAL
norse_fixed_highs,Norse,highs,25,barrier,2,7,3.0608,0,82,OPTIMAL
norse_fixed_highs,Norse,highs,25,barrier,2,8,3.1526,0,86,OPTIMAL
norse_fixed_highs,Norse,highs,25,barrier,2,9,4.9142,112,109,OPTIMAL
norse_fixed_highs,Norse,highs,25,barrier,2,10,2.8732,0,80,OPTIMAL
norse_fixed_highs,Norse,highs,25,barrier,2,11,2.6753,0,72,OPTIMAL
norse_fixed_highs,Norse,highs,25,barrier,2,12,5.0870,18,109,OPTIMAL
norse_fixed_highs,Norse,highs,25,barrier,2,13,2.9549,0,80,OPTIMAL
norse_fixed_highs,Norse,highs,25,barrier,2,14,5.3433,34,122,OPTIMAL
norse_fixed_highs,Norse,highs,25,barrier,2,15,2.9610,0,78,OPTIMAL
norse_fixed_highs,Norse,highs,25,barrier,2,16,3.6302,21,74,OPTIMAL
norse_fixed_highs,Norse,highs,25,barrier,2,17,4.6040,170,105,OPTIMAL
norse_fixed_highs,Norse,highs,25,barrier,2,18,2.7087,0,76,OPTIMAL
norse_fixed_highs,Norse,highs,25,barrier,2,19,3.4461,50,77,OPTIMAL
norse_fixed_highs,Norse,highs,25,barrier,2,20,2.7596,0,76,OPTIMAL
norse_fixed_highs,Norse,highs,25,barrier,2,21,2.8433,0,75,OPTIMAL
norse_fixed_highs,Norse,highs,25,barrier,2,22,3.3730,0,87,OPTIMAL
norse_fixed_highs,Norse,highs,25,barrier,2,23,2.8029,0,72,OPTIMAL
norse_fixed_highs,Norse,highs,25,barrier,2,24,3.1228,0,84,OPTIMAL
norse_fixed_highs,Norse,highs,25,barrier,2,25,3.3393,55,76,OPTIMAL
norse_fixed_highs,Norse,highs,25,barrier,3,1,2.7437,0,77,OPTIMAL
norse_fixed_highs,Norse,highs,25,barrier,3,2,2.7759,0,79,OPTIMAL
norse_fixed_highs,Norse,highs,25,barrier,3,3,2.5613,0,72,OPTIMAL
norse_fixed_highs,Norse,highs,25,barrier,3,4,3.2106,0,88,OPTIMAL
norse_fixed_highs,Norse,highs,25,barrier,3,5,6.6895,11102,108,OPTIMAL
norse_fixed_highs,Norse,highs,25,barrier,3,6,2.6026,0,72,OPTIMAL
norse_fixed_highs,Norse,highs,25,barrier,3,7,3.0355,0,82,OPTIMAL
norse_fixed_highs,Norse,highs,25,barrier,3,8,3.4236,0,86,OPTIMAL
norse_fixed_highs,Norse,highs,25,barrier,3,9,5.3171,112,109,OPTIMAL
norse_fixed_highs,Norse,highs,25,barrier,3,10,3.0776,0,80,OPTIMAL
norse_fixed_highs,Norse,highs,25,barrier,3,11,2.8939,0,72,OPTIMAL
norse_fixed_highs,Norse,highs,25,barrier,3,12,5.3677,18,109,OPTIMAL
norse_fixed_highs,Norse,highs,25,barrier,3,13,3.1871,0,80,OPTIMAL
norse_fixed_highs,Norse,highs,25,barrier,3,14,5.7645,34,122,OPTIMAL
norse_fixed_highs,Norse,highs,25,barrier,3,15,3.2614,0,78,OPTIMAL
norse_fixed_highs,Norse,highs,25,barrier,3,16,3.5923,21,74,OPTIMAL
norse_fixed_highs,Norse,highs,25,barrier,3,17,4.6524,170,105,OPTIMAL
norse_fixed_highs,Norse,highs,25,barrier,3,18,2.7048,0,76,OPTIMAL
norse_fixed_highs,Norse,highs,25,barrier,3,19,3.5389,50,77,OPTIMAL
norse_fixed_highs,Norse,highs,25,barrier,3,20,2.8183,0,76,OPTIMAL
norse_fixed_highs,Norse,highs,25,barrier,3,21,2.8288,0,75,OPTIMAL
norse_fixed_highs,Norse,highs,25,barrier,3,22,3.3501,0,87,OPTIMAL
norse_fixed_highs,Norse,highs,25,barrier,3,23,2.8600,0,72,OPTIMAL
norse_fixed_highs,Norse,highs,25,barrier,3,24,3.1285,0,84,OPTIMAL
norse_fixed_highs,Norse,highs,25,barrier,3,25,3.2932,55,76,OPTIMAL
norse_fixed_highs,Norse,highs,25,warm_primal_simplex,1,1,2.8091,0,77,OPTIMAL
norse_fixed_highs,Norse,highs,25,warm_primal_simplex,1,2,0.0189,45,0,OPTIMAL
norse_fixed_highs,Norse,highs,25,warm_primal_simplex,1,3,0.0173,34,0,OPTIMAL
norse_fixed_highs,Norse,highs,25,warm_primal_simplex,1,4,0.0156,11,0,OPTIMAL
norse_fixed_highs,Norse,highs,25,warm_primal_simplex,1,5,0.0188,32,0,OPTIMAL
norse_fixed_highs,Norse,highs,25,warm_primal_simplex,1,6,0.0133,6,0,OPTIMAL
norse_fixed_highs,Norse,highs,25,warm_primal_simplex,1,7,0.0168,9,0,OPTIMAL
norse_fixed_highs,Norse,highs,25,warm_primal_simplex,1,8,0.0155,16,0,OPTIMAL
norse_fixed_highs,Norse,highs,25,warm_primal_simplex,1,9,0.0182,33,0,OPTIMAL
norse_fixed_highs,Norse,highs,25,warm_primal_simplex,1,10,0.0132,5,0,OPTIMAL
norse_fixed_highs,Norse,highs,25,warm_primal_simplex,1,11,0.0122,2,0,OPTIMAL
norse_fixed_highs,Norse,highs,25,warm_primal_simplex,1,12,0.0135,10,0,OPTIMAL
norse_fixed_highs,Norse,highs,25,warm_primal_simplex,1,13,0.0099,0,0,OPTIMAL
norse_fixed_highs,Norse,highs,25,warm_primal_simplex,1,14,0.0140,10,0,OPTIMAL
norse_fixed_highs,Norse,highs,25,warm_primal_simplex,1,15,0.0100,0,0,OPTIMAL
norse_fixed_highs,Norse,highs,25,warm_primal_simplex,1,16,0.0146,14,0,OPTIMAL
norse_fixed_highs,Norse,highs,25,warm_primal_simplex,1,17,0.0162,21,0,OPTIMAL
norse_fixed_highs,Norse,highs,25,warm_primal_simplex,1,18,0.0125,3,0,OPTIMAL
norse_fixed_highs,Norse,highs,25,warm_primal_simplex,1,19,0.0097,0,0,OPTIMAL
norse_fixed_highs,Norse,highs,25,warm_primal_simplex,1,20,0.0137,9,0,OPTIMAL
norse_fixed_highs,Norse,highs,25,warm_primal_simplex,1,21,0.0125,2,0,OPTIMAL
norse_fixed_highs,Norse,highs,25,warm_primal_simplex,1,22,0.0119,1,0,OPTIMAL
norse_fixed_highs,Norse,highs,25,warm_primal_simplex,1,23,0.0149,1,0,OPTIMAL
norse_fixed_highs,Norse,highs,25,warm_primal_simplex,1,24,0.0169,15,0,OPTIMAL
norse_fixed_highs,Norse,highs,25,warm_primal_simplex,1,25,0.0135,1,0,OPTIMAL
norse_fixed_highs,Norse,highs,25,warm_primal_simplex,2,1,2.8219,0,77,OPTIMAL
norse_fixed_highs,Norse,highs,25,warm_primal_simplex,2,2,0.0185,45,0,OPTIMAL
norse_fixed_highs,Norse,highs,25,warm_primal_simplex,2,3,0.0172,34,0,OPTIMAL
norse_fixed_highs,Norse,highs,25,warm_primal_simplex,2,4,0.0138,11,0,OPTIMAL
norse_fixed_highs,Norse,highs,25,warm_primal_simplex,2,5,0.0175,32,0,OPTIMAL
norse_fixed_highs,Norse,highs,25,warm_primal_simplex,2,6,0.0129,6,0,OPTIMAL
norse_fixed_highs,Norse,highs,25,warm_primal_simplex,2,7,0.0136,9,0,OPTIMAL
norse_fixed_highs,Norse,highs,25,warm_primal_simplex,2,8,0.0147,16,0,OPTIMAL
norse_fixed_highs,Norse,highs,25,warm_primal_simplex,2,9,0.0208,33,0,OPTIMAL
norse_fixed_highs,Norse,highs,25,warm_primal_simplex,2,10,0.0136,5,0,OPTIMAL
norse_fixed_highs,Norse,highs,25,warm_primal_simplex,2,11,0.0138,2,0,OPTIMAL
norse_fixed_highs,Norse,highs,25,warm_primal_simplex,2,12,0.0150,10,0,OPTIMAL
norse_fixed_highs,Norse,highs,25,warm_primal_simplex,2,13,0.0106,0,0,OPTIMAL
norse_fixed_highs,Norse,highs,25,warm_primal_simplex,2,14,0.0155,10,0,OPTIMAL
norse_fixed_highs,Norse,highs,25,warm_primal_simplex,2,15,0.0105,0,0,OPTIMAL
norse_fixed_highs,Norse,highs,25,warm_primal_simplex,2,16,0.0154,14,0,OPTIMAL
norse_fixed_highs,Norse,highs,25,warm_primal_simplex,2,17,0.0186,21,0,OPTIMAL
norse_fixed_highs,Norse,highs,25,warm_primal_simplex,2,18,0.0131,3,0,OPTIMAL
norse_fixed_highs,Norse,highs,25,warm_primal_simplex,2,19,0.0101,0,0,OPTIMAL
norse_fixed_highs,Norse,highs,25,warm_primal_simplex,2,20,0.0139,9,0,OPTIMAL
norse_fixed_highs,Norse,highs,25,warm_primal_simplex,2,21,0.0124,2,0,OPTIMAL
norse_fixed_highs,Norse,highs,25,warm_primal_simplex,2,22,0.0122,1,0,OPTIMAL
norse_fixed_highs,Norse,highs,25,warm_primal_simplex,2,23,0.0135,1,0,OPTIMAL
norse_fixed_highs,Norse,highs,25,warm_primal_simplex,2,24,0.0152,15,0,OPTIMAL
norse_fixed_highs,Norse,highs,25,warm_primal_simplex,2,25,0.0119,1,0,OPTIMAL
norse_fixed_highs,Norse,highs,25,warm_primal_simplex,3,1,2.8109,0,77,OPTIMAL
norse_fixed_highs,Norse,highs,25,warm_primal_simplex,3,2,0.0182,45,0,OPTIMAL
norse_fixed_highs,Norse,highs,25,warm_primal_simplex,3,3,0.0190,34,0,OPTIMAL
norse_fixed_highs,Norse,highs,25,warm_primal_simplex,3,4,0.0145,11,0,OPTIMAL
norse_fixed_highs,Norse,highs,25,warm_primal_simplex,3,5,0.0176,32,0,OPTIMAL
norse_fixed_highs,Norse,highs,25,warm_primal_simplex,3,6,0.0131,6,0,OPTIMAL
norse_fixed_highs,Norse,highs,25,warm_primal_simplex,3,7,0.0141,9,0,OPTIMAL
norse_fixed_highs,Norse,highs,25,warm_primal_simplex,3,8,0.0141,16,0,OPTIMAL
norse_fixed_highs,Norse,highs,25,warm_primal_simplex,3,9,0.0185,33,0,OPTIMAL
norse_fixed_highs,Norse,highs,25,warm_primal_simplex,3,10,0.0127,5,0,OPTIMAL
norse_fixed_highs,Norse,highs,25,warm_primal_simplex,3,11,0.0114,2,0,OPTIMAL
norse_fixed_highs,Norse,highs,25,warm_primal_simplex,3,12,0.0127,10,0,OPTIMAL
norse_fixed_highs,Norse,highs,25,warm_primal_simplex,3,13,0.0092,0,0,OPTIMAL
norse_fixed_highs,Norse,highs,25,warm_primal_simplex,3,14,0.0127,10,0,OPTIMAL
norse_fixed_highs,Norse,highs,25,warm_primal_simplex,3,15,0.0089,0,0,OPTIMAL
norse_fixed_highs,Norse,highs,25,warm_primal_simplex,3,16,0.0136,14,0,OPTIMAL
norse_fixed_highs,Norse,highs,25,warm_primal_simplex,3,17,0.0154,21,0,OPTIMAL
norse_fixed_highs,Norse,highs,25,warm_primal_simplex,3,18,0.0115,3,0,OPTIMAL
norse_fixed_highs,Norse,highs,25,warm_primal_simplex,3,19,0.0094,0,0,OPTIMAL
norse_fixed_highs,Norse,highs,25,warm_primal_simplex,3,20,0.0129,9,0,OPTIMAL
norse_fixed_highs,Norse,highs,25,warm_primal_simplex,3,21,0.0115,2,0,OPTIMAL
norse_fixed_highs,Norse,highs,25,warm_primal_simplex,3,22,0.0110,1,0,OPTIMAL
norse_fixed_highs,Norse,highs,25,warm_primal_simplex,3,23,0.0113,1,0,OPTIMAL
norse_fixed_highs,Norse,highs,25,warm_primal_simplex,3,24,0.0136,15,0,OPTIMAL
norse_fixed_highs,Norse,highs,25,warm_primal_simplex,3,25,0.0109,1,0,OPTIMAL
norse_fixed_highs,Norse,highs,50,barrier,1,1,2.9628,0,77,OPTIMAL
norse_fixed_highs,Norse,highs,50,barrier,1,2,2.8594,0,79,OPTIMAL
norse_fixed_highs,Norse,highs,50,barrier,1,3,2.5658,0,72,OPTIMAL
norse_fixed_highs,Norse,highs,50,barrier,1,4,3.2532,0,88,OPTIMAL
norse_fixed_highs,Norse,highs,50,barrier,1,5,6.7408,11102,108,OPTIMAL
norse_fixed_highs,Norse,highs,50,barrier,1,6,2.5936,0,72,OPTIMAL
norse_fixed_highs,Norse,highs,50,barrier,1,7,3.0831,0,82,OPTIMAL
norse_fixed_highs,Norse,highs,50,barrier,1,8,3.1727,0,86,OPTIMAL
norse_fixed_highs,Norse,highs,50,barrier,1,9,4.7395,112,109,OPTIMAL
norse_fixed_highs,Norse,highs,50,barrier,1,10,2.8358,0,80,OPTIMAL
norse_fixed_highs,Norse,highs,50,barrier,1,11,2.6127,0,72,OPTIMAL
norse_fixed_highs,Norse,highs,50,barrier,1,12,4.7489,18,109,OPTIMAL
norse_fixed_highs,Norse,highs,50,barrier,1,13,2.9125,0,80,OPTIMAL
norse_fixed_highs,Norse,highs,50,barrier,1,14,5.2439,34,122,OPTIMAL
norse_fixed_highs,Norse,highs,50,barrier,1,15,2.9191,0,78,OPTIMAL
norse_fixed_highs,Norse,highs,50,barrier,1,16,3.5153,21,74,OPTIMAL
norse_fixed_highs,Norse,highs,50,barrier,1,17,4.5974,170,105,OPTIMAL
norse_fixed_highs,Norse,highs,50,barrier,1,18,2.7178,0,76,OPTIMAL
norse_fixed_highs,Norse,highs,50,barrier,1,19,3.5051,50,77,OPTIMAL
norse_fixed_highs,Norse,highs,50,barrier,1,20,2.8437,0,76,OPTIMAL
norse_fixed_highs,Norse,highs,50,barrier,1,21,2.8425,0,75,OPTIMAL
norse_fixed_highs,Norse,highs,50,barrier,1,22,3.3640,0,87,OPTIMAL
norse_fixed_highs,Norse,highs,50,barrier,1,23,2.7970,0,72,OPTIMAL
norse_fixed_highs,Norse,highs,50,barrier,1,24,3.1257,0,84,OPTIMAL
norse_fixed_highs,Norse,highs,50,barrier,1,25,3.3865,55,76,OPTIMAL
norse_fixed_highs,Norse,highs,50,barrier,1,26,2.7004,0,75,OPTIMAL
norse_fixed_highs,Norse,highs,50,barrier,1,27,3.2074,0,79,OPTIMAL
norse_fixed_highs,Norse,highs,50,barrier,1,28,4.6207,89,105,OPTIMAL
norse_fixed_highs,Norse,highs,50,barrier,1,29,3.0306,0,82,OPTIMAL
norse_fixed_highs,Norse,highs,50,barrier,1,30,3.0241,0,80,OPTIMAL
norse_fixed_highs,Norse,highs,50,barrier,1,31,3.1432,0,87,OPTIMAL
norse_fixed_highs,Norse,highs,50,barrier,1,32,3.2333,0,88,OPTIMAL
norse_fixed_highs,Norse,highs,50,barrier,1,33,2.8586,0,79,OPTIMAL
norse_fixed_highs,Norse,highs,50,barrier,1,34,2.8491,0,81,OPTIMAL
norse_fixed_highs,Norse,highs,50,barrier,1,35,2.8212,0,76,OPTIMAL
norse_fixed_highs,Norse,highs,50,barrier,1,36,5.1135,60,120,OPTIMAL
norse_fixed_highs,Norse,highs,50,barrier,1,37,3.9841,0,100,OPTIMAL
norse_fixed_highs,Norse,highs,50,barrier,1,38,3.0836,0,81,OPTIMAL
norse_fixed_highs,Norse,highs,50,barrier,1,39,3.2608,0,90,OPTIMAL
norse_fixed_highs,Norse,highs,50,barrier,1,40,3.1625,0,84,OPTIMAL
norse_fixed_highs,Norse,highs,50,barrier,1,41,3.9808,26,91,OPTIMAL
norse_fixed_highs,Norse,highs,50,barrier,1,42,3.1066,0,84,OPTIMAL
norse_fixed_highs,Norse,highs,50,barrier,1,43,2.9777,0,78,OPTIMAL
norse_fixed_highs,Norse,highs,50,barrier,1,44,2.9906,0,84,OPTIMAL
norse_fixed_highs,Norse,highs,50,barrier,1,45,2.8052,0,77,OPTIMAL
norse_fixed_highs,Norse,highs,50,barrier,1,46,3.0434,0,86,OPTIMAL
norse_fixed_highs,Norse,highs,50,barrier,1,47,4.0121,2,95,OPTIMAL
norse_fixed_highs,Norse,highs,50,barrier,1,48,2.5860,0,72,OPTIMAL
norse_fixed_highs,Norse,highs,50,barrier,1,49,2.9080,0,82,OPTIMAL
norse_fixed_highs,Norse,highs,50,barrier,1,50,2.8840,0,80,OPTIMAL
norse_fixed_highs,Norse,highs,50,barrier,2,1,2.7910,0,77,OPTIMAL
norse_fixed_highs,Norse,highs,50,barrier,2,2,2.8305,0,79,OPTIMAL
norse_fixed_highs,Norse,highs,50,barrier,2,3,2.5258,0,72,OPTIMAL
norse_fixed_highs,Norse,highs,50,barrier,2,4,3.2251,0,88,OPTIMAL
norse_fixed_highs,Norse,highs,50,barrier,2,5,6.7224,11102,108,OPTIMAL
norse_fixed_highs,Norse,highs,50,barrier,2,6,2.5486,0,72,OPTIMAL
norse_fixed_highs,Norse,highs,50,barrier,2,7,3.0195,0,82,OPTIMAL
norse_fixed_highs,Norse,highs,50,barrier,2,8,3.1129,0,86,OPTIMAL
norse_fixed_highs,Norse,highs,50,barrier,2,9,4.7011,112,109,OPTIMAL
norse_fixed_highs,Norse,highs,50,barrier,2,10,2.8326,0,80,OPTIMAL
norse_fixed_highs,Norse,highs,50,barrier,2,11,2.5928,0,72,OPTIMAL
norse_fixed_highs,Norse,highs,50,barrier,2,12,4.7164,18,109,OPTIMAL
norse_fixed_highs,Norse,highs,50,barrier,2,13,2.8814,0,80,OPTIMAL
norse_fixed_highs,Norse,highs,50,barrier,2,14,5.2021,34,122,OPTIMAL
norse_fixed_highs,Norse,highs,50,barrier,2,15,2.8906,0,78,OPTIMAL
norse_fixed_highs,Norse,highs,50,barrier,2,16,3.5689,21,74,OPTIMAL
norse_fixed_highs,Norse,highs,50,barrier,2,17,4.4916,170,105,OPTIMAL
norse_fixed_highs,Norse,highs,50,barrier,2,18,2.6263,0,76,OPTIMAL
norse_fixed_highs,Norse,highs,50,barrier,2,19,3.3913,50,77,OPTIMAL
norse_fixed_highs,Norse,highs,50,barrier,2,20,2.7650,0,76,OPTIMAL
norse_fixed_highs,Norse,highs,50,barrier,2,21,2.8073,0,75,OPTIMAL
norse_fixed_highs,Norse,highs,50,barrier,2,22,3.4147,0,87,OPTIMAL
norse_fixed_highs,Norse,highs,50,barrier,2,23,3.0862,0,72,OPTIMAL
norse_fixed_highs,Norse,highs,50,barrier,2,24,3.1043,0,84,OPTIMAL
norse_fixed_highs,Norse,highs,50,barrier,2,25,3.3488,55,76,OPTIMAL
norse_fixed_highs,Norse,highs,50,barrier,2,26,2.6975,0,75,OPTIMAL
norse_fixed_highs,Norse,highs,50,barrier,2,27,2.8729,0,79,OPTIMAL
norse_fixed_highs,Norse,highs,50,barrier,2,28,4.7884,89,105,OPTIMAL
norse_fixed_highs,Norse,highs,50,barrier,2,29,3.0208,0,82,OPTIMAL
norse_fixed_highs,Norse,highs,50,barrier,2,30,3.0266,0,80,OPTIMAL
norse_fixed_highs,Norse,highs,50,barrier,2,31,3.1740,0,87,OPTIMAL
norse_fixed_highs,Norse,highs,50,barrier,2,32,3.2238,0,88,OPTIMAL
norse_fixed_highs,Norse,highs,50,barrier,2,33,2.9136,0,79,OPTIMAL
norse_fixed_highs,Norse,highs,50,barrier,2,34,2.8708,0,81,OPTIMAL
norse_fixed_highs,Norse,highs,50,barrier,2,35,2.8158,0,76,OPTIMAL
norse_fixed_highs,Norse,highs,50,barrier,2,36,5.1399,60,120,OPTIMAL
norse_fixed_highs,Norse,highs,50,barrier,2,37,3.6102,0,100,OPTIMAL
norse_fixed_highs,Norse,highs,50,barrier,2,38,3.0504,0,81,OPTIMAL
norse_fixed_highs,Norse,highs,50,barrier,2,39,3.3084,0,90,OPTIMAL
norse_fixed_highs,Norse,highs,50,barrier,2,40,3.3046,0,84,OPTIMAL
norse_fixed_highs,Norse,highs,50,barrier,2,41,3.9866,26,91,OPTIMAL
norse_fixed_highs,Norse,highs,50,barrier,2,42,3.0912,0,84,OPTIMAL
norse_fixed_highs,Norse,highs,50,barrier,2,43,2.9474,0,78,OPTIMAL
norse_fixed_highs,Norse,highs,50,barrier,2,44,3.0759,0,84,OPTIMAL
norse_fixed_highs,Norse,highs,50,barrier,2,45,2.8119,0,77,OPTIMAL
norse_fixed_highs,Norse,highs,50,barrier,2,46,3.3030,0,86,OPTIMAL
norse_fixed_highs,Norse,highs,50,barrier,2,47,4.0538,2,95,OPTIMAL
norse_fixed_highs,Norse,highs,50,barrier,2,48,2.5928,0,72,OPTIMAL
norse_fixed_highs,Norse,highs,50,barrier,2,49,2.8921,0,82,OPTIMAL
norse_fixed_highs,Norse,highs,50,barrier,2,50,2.9155,0,80,OPTIMAL
norse_fixed_highs,Norse,highs,50,barrier,3,1,2.7607,0,77,OPTIMAL
norse_fixed_highs,Norse,highs,50,barrier,3,2,2.8310,0,79,OPTIMAL
norse_fixed_highs,Norse,highs,50,barrier,3,3,2.5193,0,72,OPTIMAL
norse_fixed_highs,Norse,highs,50,barrier,3,4,3.2163,0,88,OPTIMAL
norse_fixed_highs,Norse,highs,50,barrier,3,5,6.7455,11102,108,OPTIMAL
norse_fixed_highs,Norse,highs,50,barrier,3,6,2.5557,0,72,OPTIMAL
norse_fixed_highs,Norse,highs,50,barrier,3,7,3.0337,0,82,OPTIMAL
norse_fixed_highs,Norse,highs,50,barrier,3,8,3.1084,0,86,OPTIMAL
norse_fixed_highs,Norse,highs,50,barrier,3,9,4.7227,112,109,OPTIMAL
norse_fixed_highs,Norse,highs,50,barrier,3,10,2.8017,0,80,OPTIMAL
norse_fixed_highs,Norse,highs,50,barrier,3,11,2.6056,0,72,OPTIMAL
norse_fixed_highs,Norse,highs,50,barrier,3,12,4.7517,18,109,OPTIMAL
norse_fixed_highs,Norse,highs,50,barrier,3,13,2.9895,0,80,OPTIMAL
norse_fixed_highs,Norse,highs,50,barrier,3,14,5.2058,34,122,OPTIMAL
norse_fixed_highs,Norse,highs,50,barrier,3,15,2.9347,0,78,OPTIMAL
norse_fixed_highs,Norse,highs,50,barrier,3,16,3.4856,21,74,OPTIMAL
norse_fixed_highs,Norse,highs,50,barrier,3,17,4.7475,170,105,OPTIMAL
norse_fixed_highs,Norse,highs,50,barrier,3,18,2.6545,0,76,OPTIMAL
norse_fixed_highs,Norse,highs,50,barrier,3,19,3.4638,50,77,OPTIMAL
norse_fixed_highs,Norse,highs,50,barrier,3,20,2.7082,0,76,OPTIMAL
norse_fixed_highs,Norse,highs,50,barrier,3,21,2.9501,0,75,OPTIMAL
norse_fixed_highs,Norse,highs,50,barrier,3,22,3.2803,0,87,OPTIMAL
norse_fixed_highs,Norse,highs,50,barrier,3,23,2.7377,0,72,OPTIMAL
norse_fixed_highs,Norse,highs,50,barrier,3,24,3.1236,0,84,OPTIMAL
norse_fixed_highs,Norse,highs,50,barrier,3,25,3.3511,55,76,OPTIMAL
norse_fixed_highs,Norse,highs,50,barrier,3,26,2.7541,0,75,OPTIMAL
norse_fixed_highs,Norse,highs,50,barrier,3,27,3.2659,0,79,OPTIMAL
norse_fixed_highs,Norse,highs,50,barrier,3,28,4.5715,89,105,OPTIMAL
norse_fixed_highs,Norse,highs,50,barrier,3,29,2.9925,0,82,OPTIMAL
norse_fixed_highs,Norse,highs,50,barrier,3,30,3.4264,0,80,OPTIMAL
norse_fixed_highs,Norse,highs,50,barrier,3,31,3.4461,0,87,OPTIMAL
norse_fixed_highs,Norse,highs,50,barrier,3,32,3.2740,0,88,OPTIMAL
norse_fixed_highs,Norse,highs,50,barrier,3,33,2.8421,0,79,OPTIMAL
norse_fixed_highs,Norse,highs,50,barrier,3,34,2.8718,0,81,OPTIMAL
norse_fixed_highs,Norse,highs,50,barrier,3,35,2.8032,0,76,OPTIMAL
norse_fixed_highs,Norse,highs,50,barrier,3,36,5.0391,60,120,OPTIMAL
norse_fixed_highs,Norse,highs,50,barrier,3,37,3.6325,0,100,OPTIMAL
norse_fixed_highs,Norse,highs,50,barrier,3,38,3.0153,0,81,OPTIMAL
norse_fixed_highs,Norse,highs,50,barrier,3,39,3.2190,0,90,OPTIMAL
norse_fixed_highs,Norse,highs,50,barrier,3,40,3.1495,0,84,OPTIMAL
norse_fixed_highs,Norse,highs,50,barrier,3,41,3.9923,26,91,OPTIMAL
norse_fixed_highs,Norse,highs,50,barrier,3,42,3.0957,0,84,OPTIMAL
norse_fixed_highs,Norse,highs,50,barrier,3,43,2.9211,0,78,OPTIMAL
norse_fixed_highs,Norse,highs,50,barrier,3,44,2.9935,0,84,OPTIMAL
norse_fixed_highs,Norse,highs,50,barrier,3,45,2.8106,0,77,OPTIMAL
norse_fixed_highs,Norse,highs,50,barrier,3,46,3.0475,0,86,OPTIMAL
norse_fixed_highs,Norse,highs,50,barrier,3,47,4.0210,2,95,OPTIMAL
norse_fixed_highs,Norse,highs,50,barrier,3,48,2.5992,0,72,OPTIMAL
norse_fixed_highs,Norse,highs,50,barrier,3,49,3.3020,0,82,OPTIMAL
norse_fixed_highs,Norse,highs,50,barrier,3,50,2.9773,0,80,OPTIMAL
norse_fixed_highs,Norse,highs,50,warm_primal_simplex,1,1,2.7769,0,77,OPTIMAL
norse_fixed_highs,Norse,highs,50,warm_primal_simplex,1,2,0.0180,45,0,OPTIMAL
norse_fixed_highs,Norse,highs,50,warm_primal_simplex,1,3,0.0169,34,0,OPTIMAL
norse_fixed_highs,Norse,highs,50,warm_primal_simplex,1,4,0.0132,11,0,OPTIMAL
norse_fixed_highs,Norse,highs,50,warm_primal_simplex,1,5,0.0167,32,0,OPTIMAL
norse_fixed_highs,Norse,highs,50,warm_primal_simplex,1,6,0.0119,6,0,OPTIMAL
norse_fixed_highs,Norse,highs,50,warm_primal_simplex,1,7,0.0131,9,0,OPTIMAL
norse_fixed_highs,Norse,highs,50,warm_primal_simplex,1,8,0.0141,16,0,OPTIMAL
norse_fixed_highs,Norse,highs,50,warm_primal_simplex,1,9,0.0177,33,0,OPTIMAL
norse_fixed_highs,Norse,highs,50,warm_primal_simplex,1,10,0.0124,5,0,OPTIMAL
norse_fixed_highs,Norse,highs,50,warm_primal_simplex,1,11,0.0114,2,0,OPTIMAL
norse_fixed_highs,Norse,highs,50,warm_primal_simplex,1,12,0.0165,10,0,OPTIMAL
norse_fixed_highs,Norse,highs,50,warm_primal_simplex,1,13,0.0102,0,0,OPTIMAL
norse_fixed_highs,Norse,highs,50,warm_primal_simplex,1,14,0.0149,10,0,OPTIMAL
norse_fixed_highs,Norse,highs,50,warm_primal_simplex,1,15,0.0098,0,0,OPTIMAL
norse_fixed_highs,Norse,highs,50,warm_primal_simplex,1,16,0.0147,14,0,OPTIMAL
norse_fixed_highs,Norse,highs,50,warm_primal_simplex,1,17,0.0172,21,0,OPTIMAL
norse_fixed_highs,Norse,highs,50,warm_primal_simplex,1,18,0.0124,3,0,OPTIMAL
norse_fixed_highs,Norse,highs,50,warm_primal_simplex,1,19,0.0095,0,0,OPTIMAL
norse_fixed_highs,Norse,highs,50,warm_primal_simplex,1,20,0.0135,9,0,OPTIMAL
norse_fixed_highs,Norse,highs,50,warm_primal_simplex,1,21,0.0121,2,0,OPTIMAL
norse_fixed_highs,Norse,highs,50,warm_primal_simplex,1,22,0.0120,1,0,OPTIMAL
norse_fixed_highs,Norse,highs,50,warm_primal_simplex,1,23,0.0121,1,0,OPTIMAL
norse_fixed_highs,Norse,highs,50,warm_primal_simplex,1,24,0.0151,15,0,OPTIMAL
norse_fixed_highs,Norse,highs,50,warm_primal_simplex,1,25,0.0118,1,0,OPTIMAL
norse_fixed_highs,Norse,highs,50,warm_primal_simplex,1,26,0.0285,14,0,OPTIMAL
norse_fixed_highs,Norse,highs,50,warm_primal_simplex,1,27,0.0148,9,0,OPTIMAL
norse_fixed_highs,Norse,highs,50,warm_primal_simplex,1,28,0.0134,4,0,OPTIMAL
norse_fixed_highs,Norse,highs,50,warm_primal_simplex,1,29,0.0201,34,0,OPTIMAL
norse_fixed_highs,Norse,highs,50,warm_primal_simplex,1,30,0.0197,34,0,OPTIMAL
norse_fixed_highs,Norse,highs,50,warm_primal_simplex,1,31,0.0161,14,0,OPTIMAL
norse_fixed_highs,Norse,highs,50,warm_primal_simplex,1,32,0.0134,6,0,OPTIMAL
norse_fixed_highs,Norse,highs,50,warm_primal_simplex,1,33,0.0125,3,0,OPTIMAL
norse_fixed_highs,Norse,highs,50,warm_primal_simplex,1,34,0.0194,29,0,OPTIMAL
norse_fixed_highs,Norse,highs,50,warm_primal_simplex,1,35,0.0192,30,0,OPTIMAL
norse_fixed_highs,Norse,highs,50,warm_primal_simplex,1,36,0.0097,0,0,OPTIMAL
norse_fixed_highs,Norse,highs,50,warm_primal_simplex,1,37,0.0123,1,0,OPTIMAL
norse_fixed_highs,Norse,highs,50,warm_primal_simplex,1,38,0.0124,2,0,OPTIMAL
norse_fixed_highs,Norse,highs,50,warm_primal_simplex,1,39,0.0166,22,0,OPTIMAL
norse_fixed_highs,Norse,highs,50,warm_primal_simplex,1,40,0.0175,25,0,OPTIMAL
norse_fixed_highs,Norse,highs,50,warm_primal_simplex,1,41,0.0117,1,0,OPTIMAL
norse_fixed_highs,Norse,highs,50,warm_primal_simplex,1,42,0.0090,0,0,OPTIMAL
norse_fixed_highs,Norse,highs,50,warm_primal_simplex,1,43,0.0093,0,0,OPTIMAL
norse_fixed_highs,Norse,highs,50,warm_primal_simplex,1,44,0.0123,4,0,OPTIMAL
norse_fixed_highs,Norse,highs,50,warm_primal_simplex,1,45,0.0129,4,0,OPTIMAL
norse_fixed_highs,Norse,highs,50,warm_primal_simplex,1,46,0.0179,22,0,OPTIMAL
norse_fixed_highs,Norse,highs,50,warm_primal_simplex,1,47,0.0171,22,0,OPTIMAL
norse_fixed_highs,Norse,highs,50,warm_primal_simplex,1,48,0.0122,1,0,OPTIMAL
norse_fixed_highs,Norse,highs,50,warm_primal_simplex,1,49,0.0098,0,0,OPTIMAL
norse_fixed_highs,Norse,highs,50,warm_primal_simplex,1,50,0.0093,0,0,OPTIMAL
norse_fixed_highs,Norse,highs,50,warm_primal_simplex,2,1,2.8130,0,77,OPTIMAL
norse_fixed_highs,Norse,highs,50,warm_primal_simplex,2,2,0.0192,45,0,OPTIMAL
norse_fixed_highs,Norse,highs,50,warm_primal_simplex,2,3,0.0176,34,0,OPTIMAL
norse_fixed_highs,Norse,highs,50,warm_primal_simplex,2,4,0.0147,11,0,OPTIMAL
norse_fixed_highs,Norse,highs,50,warm_primal_simplex,2,5,0.0181,32,0,OPTIMAL
norse_fixed_highs,Norse,highs,50,warm_primal_simplex,2,6,0.0132,6,0,OPTIMAL
norse_fixed_highs,Norse,highs,50,warm_primal_simplex,2,7,0.0140,9,0,OPTIMAL
norse_fixed_highs,Norse,highs,50,warm_primal_simplex,2,8,0.0160,16,0,OPTIMAL
norse_fixed_highs,Norse,highs,50,warm_primal_simplex,2,9,0.0182,33,0,OPTIMAL
norse_fixed_highs,Norse,highs,50,warm_primal_simplex,2,10,0.0130,5,0,OPTIMAL
norse_fixed_highs,Norse,highs,50,warm_primal_simplex,2,11,0.0143,2,0,OPTIMAL
norse_fixed_highs,Norse,highs,50,warm_primal_simplex,2,12,0.0142,10,0,OPTIMAL
norse_fixed_highs,Norse,highs,50,warm_primal_simplex,2,13,0.0100,0,0,OPTIMAL
norse_fixed_highs,Norse,highs,50,warm_primal_simplex,2,14,0.0150,10,0,OPTIMAL
norse_fixed_highs,Norse,highs,50,warm_primal_simplex,2,15,0.0108,0,0,OPTIMAL
norse_fixed_highs,Norse,highs,50,warm_primal_simplex,2,16,0.0153,14,0,OPTIMAL
norse_fixed_highs,Norse,highs,50,warm_primal_simplex,2,17,0.0165,21,0,OPTIMAL
norse_fixed_highs,Norse,highs,50,warm_primal_simplex,2,18,0.0126,3,0,OPTIMAL
norse_fixed_highs,Norse,highs,50,warm_primal_simplex,2,19,0.0100,0,0,OPTIMAL
norse_fixed_highs,Norse,highs,50,warm_primal_simplex,2,20,0.0131,9,0,OPTIMAL
norse_fixed_highs,Norse,highs,50,warm_primal_simplex,2,21,0.0126,2,0,OPTIMAL
norse_fixed_highs,Norse,highs,50,warm_primal_simplex,2,22,0.0120,1,0,OPTIMAL
norse_fixed_highs,Norse,highs,50,warm_primal_simplex,2,23,0.0119,1,0,OPTIMAL
norse_fixed_highs,Norse,highs,50,warm_primal_simplex,2,24,0.0147,15,0,OPTIMAL
norse_fixed_highs,Norse,highs,50,warm_primal_simplex,2,25,0.0135,1,0,OPTIMAL
norse_fixed_highs,Norse,highs,50,warm_primal_simplex,2,26,0.0278,14,0,OPTIMAL
norse_fixed_highs,Norse,highs,50,warm_primal_simplex,2,27,0.0151,9,0,OPTIMAL
norse_fixed_highs,Norse,highs,50,warm_primal_simplex,2,28,0.0131,4,0,OPTIMAL
norse_fixed_highs,Norse,highs,50,warm_primal_simplex,2,29,0.0203,34,0,OPTIMAL
norse_fixed_highs,Norse,highs,50,warm_primal_simplex,2,30,0.0199,34,0,OPTIMAL
norse_fixed_highs,Norse,highs,50,warm_primal_simplex,2,31,0.0162,14,0,OPTIMAL
norse_fixed_highs,Norse,highs,50,warm_primal_simplex,2,32,0.0138,6,0,OPTIMAL
norse_fixed_highs,Norse,highs,50,warm_primal_simplex,2,33,0.0140,3,0,OPTIMAL
norse_fixed_highs,Norse,highs,50,warm_primal_simplex,2,34,0.0190,29,0,OPTIMAL
norse_fixed_highs,Norse,highs,50,warm_primal_simplex,2,35,0.0196,30,0,OPTIMAL
norse_fixed_highs,Norse,highs,50,warm_primal_simplex,2,36,0.0105,0,0,OPTIMAL
norse_fixed_highs,Norse,highs,50,warm_primal_simplex,2,37,0.0131,1,0,OPTIMAL
norse_fixed_highs,Norse,highs,50,warm_primal_simplex,2,38,0.0138,2,0,OPTIMAL
norse_fixed_highs,Norse,highs,50,warm_primal_simplex,2,39,0.0182,22,0,OPTIMAL
norse_fixed_highs,Norse,highs,50,warm_primal_simplex,2,40,0.0186,25,0,OPTIMAL
norse_fixed_highs,Norse,highs,50,warm_primal_simplex,2,41,0.0125,1,0,OPTIMAL
norse_fixed_highs,Norse,highs,50,warm_primal_simplex,2,42,0.0100,0,0,OPTIMAL
norse_fixed_highs,Norse,highs,50,warm_primal_simplex,2,43,0.0092,0,0,OPTIMAL
norse_fixed_highs,Norse,highs,50,warm_primal_simplex,2,44,0.0126,4,0,OPTIMAL
norse_fixed_highs,Norse,highs,50,warm_primal_simplex,2,45,0.0131,4,0,OPTIMAL
norse_fixed_highs,Norse,highs,50,warm_primal_simplex,2,46,0.0177,22,0,OPTIMAL
norse_fixed_highs,Norse,highs,50,warm_primal_simplex,2,47,0.0179,22,0,OPTIMAL
norse_fixed_highs,Norse,highs,50,warm_primal_simplex,2,48,0.0125,1,0,OPTIMAL
norse_fixed_highs,Norse,highs,50,warm_primal_simplex,2,49,0.0100,0,0,OPTIMAL
norse_fixed_highs,Norse,highs,50,warm_primal_simplex,2,50,0.0093,0,0,OPTIMAL
norse_fixed_highs,Norse,highs,50,warm_primal_simplex,3,1,2.8144,0,77,OPTIMAL
norse_fixed_highs,Norse,highs,50,warm_primal_simplex,3,2,0.0185,45,0,OPTIMAL
norse_fixed_highs,Norse,highs,50,warm_primal_simplex,3,3,0.0168,34,0,OPTIMAL
norse_fixed_highs,Norse,highs,50,warm_primal_simplex,3,4,0.0142,11,0,OPTIMAL
norse_fixed_highs,Norse,highs,50,warm_primal_simplex,3,5,0.0173,32,0,OPTIMAL
norse_fixed_highs,Norse,highs,50,warm_primal_simplex,3,6,0.0124,6,0,OPTIMAL
norse_fixed_highs,Norse,highs,50,warm_primal_simplex,3,7,0.0133,9,0,OPTIMAL
norse_fixed_highs,Norse,highs,50,warm_primal_simplex,3,8,0.0139,16,0,OPTIMAL
norse_fixed_highs,Norse,highs,50,warm_primal_simplex,3,9,0.0186,33,0,OPTIMAL
norse_fixed_highs,Norse,highs,50,warm_primal_simplex,3,10,0.0126,5,0,OPTIMAL
norse_fixed_highs,Norse,highs,50,warm_primal_simplex,3,11,0.0144,2,0,OPTIMAL
norse_fixed_highs,Norse,highs,50,warm_primal_simplex,3,12,0.0138,10,0,OPTIMAL
norse_fixed_highs,Norse,highs,50,warm_primal_simplex,3,13,0.0098,0,0,OPTIMAL
norse_fixed_highs,Norse,highs,50,warm_primal_simplex,3,14,0.0135,10,0,OPTIMAL
norse_fixed_highs,Norse,highs,50,warm_primal_simplex,3,15,0.0093,0,0,OPTIMAL
norse_fixed_highs,Norse,highs,50,warm_primal_simplex,3,16,0.0137,14,0,OPTIMAL
norse_fixed_highs,Norse,highs,50,warm_primal_simplex,3,17,0.0161,21,0,OPTIMAL
norse_fixed_highs,Norse,highs,50,warm_primal_simplex,3,18,0.0120,3,0,OPTIMAL
norse_fixed_highs,Norse,highs,50,warm_primal_simplex,3,19,0.0092,0,0,OPTIMAL
norse_fixed_highs,Norse,highs,50,warm_primal_simplex,3,20,0.0128,9,0,OPTIMAL
norse_fixed_highs,Norse,highs,50,warm_primal_simplex,3,21,0.0116,2,0,OPTIMAL
norse_fixed_highs,Norse,highs,50,warm_primal_simplex,3,22,0.0120,1,0,OPTIMAL
norse_fixed_highs,Norse,highs,50,warm_primal_simplex,3,23,0.0116,1,0,OPTIMAL
norse_fixed_highs,Norse,highs,50,warm_primal_simplex,3,24,0.0142,15,0,OPTIMAL
norse_fixed_highs,Norse,highs,50,warm_primal_simplex,3,25,0.0140,1,0,OPTIMAL
norse_fixed_highs,Norse,highs,50,warm_primal_simplex,3,26,0.0271,14,0,OPTIMAL
norse_fixed_highs,Norse,highs,50,warm_primal_simplex,3,27,0.0142,9,0,OPTIMAL
norse_fixed_highs,Norse,highs,50,warm_primal_simplex,3,28,0.0126,4,0,OPTIMAL
norse_fixed_highs,Norse,highs,50,warm_primal_simplex,3,29,0.0203,34,0,OPTIMAL
norse_fixed_highs,Norse,highs,50,warm_primal_simplex,3,30,0.0206,34,0,OPTIMAL
norse_fixed_highs,Norse,highs,50,warm_primal_simplex,3,31,0.0161,14,0,OPTIMAL
norse_fixed_highs,Norse,highs,50,warm_primal_simplex,3,32,0.0139,6,0,OPTIMAL
norse_fixed_highs,Norse,highs,50,warm_primal_simplex,3,33,0.0125,3,0,OPTIMAL
norse_fixed_highs,Norse,highs,50,warm_primal_simplex,3,34,0.0180,29,0,OPTIMAL
norse_fixed_highs,Norse,highs,50,warm_primal_simplex,3,35,0.0191,30,0,OPTIMAL
norse_fixed_highs,Norse,highs,50,warm_primal_simplex,3,36,0.0095,0,0,OPTIMAL
norse_fixed_highs,Norse,highs,50,warm_primal_simplex,3,37,0.0123,1,0,OPTIMAL
norse_fixed_highs,Norse,highs,50,warm_primal_simplex,3,38,0.0126,2,0,OPTIMAL
norse_fixed_highs,Norse,highs,50,warm_primal_simplex,3,39,0.0202,22,0,OPTIMAL
norse_fixed_highs,Norse,highs,50,warm_primal_simplex,3,40,0.0181,25,0,OPTIMAL
norse_fixed_highs,Norse,highs,50,warm_primal_simplex,3,41,0.0135,1,0,OPTIMAL
norse_fixed_highs,Norse,highs,50,warm_primal_simplex,3,42,0.0103,0,0,OPTIMAL
norse_fixed_highs,Norse,highs,50,warm_primal_simplex,3,43,0.0095,0,0,OPTIMAL
norse_fixed_highs,Norse,highs,50,warm_primal_simplex,3,44,0.0131,4,0,OPTIMAL
norse_fixed_highs,Norse,highs,50,warm_primal_simplex,3,45,0.0150,4,0,OPTIMAL
norse_fixed_highs,Norse,highs,50,warm_primal_simplex,3,46,0.0178,22,0,OPTIMAL
norse_fixed_highs,Norse,highs,50,warm_primal_simplex,3,47,0.0174,22,0,OPTIMAL
norse_fixed_highs,Norse,highs,50,warm_primal_simplex,3,48,0.0122,1,0,OPTIMAL
norse_fixed_highs,Norse,highs,50,warm_primal_simplex,3,49,0.0095,0,0,OPTIMAL
norse_fixed_highs,Norse,highs,50,warm_primal_simplex,3,50,0.0092,0,0,OPTIMAL
norse_fixed_highs,Norse,highs,100,barrier,1,1,3.0045,0,77,OPTIMAL
norse_fixed_highs,Norse,highs,100,barrier,1,2,2.8287,0,79,OPTIMAL
norse_fixed_highs,Norse,highs,100,barrier,1,3,2.4948,0,72,OPTIMAL
norse_fixed_highs,Norse,highs,100,barrier,1,4,3.1656,0,88,OPTIMAL
norse_fixed_highs,Norse,highs,100,barrier,1,5,6.6436,11102,108,OPTIMAL
norse_fixed_highs,Norse,highs,100,barrier,1,6,2.6754,0,72,OPTIMAL
norse_fixed_highs,Norse,highs,100,barrier,1,7,3.0833,0,82,OPTIMAL
norse_fixed_highs,Norse,highs,100,barrier,1,8,3.1419,0,86,OPTIMAL
norse_fixed_highs,Norse,highs,100,barrier,1,9,5.0138,112,109,OPTIMAL
norse_fixed_highs,Norse,highs,100,barrier,1,10,2.8554,0,80,OPTIMAL
norse_fixed_highs,Norse,highs,100,barrier,1,11,2.6202,0,72,OPTIMAL
norse_fixed_highs,Norse,highs,100,barrier,1,12,4.7709,18,109,OPTIMAL
norse_fixed_highs,Norse,highs,100,barrier,1,13,2.9166,0,80,OPTIMAL
norse_fixed_highs,Norse,highs,100,barrier,1,14,5.3553,34,122,OPTIMAL
norse_fixed_highs,Norse,highs,100,barrier,1,15,2.9647,0,78,OPTIMAL
norse_fixed_highs,Norse,highs,100,barrier,1,16,3.4760,21,74,OPTIMAL
norse_fixed_highs,Norse,highs,100,barrier,1,17,4.6785,170,105,OPTIMAL
norse_fixed_highs,Norse,highs,100,barrier,1,18,2.7205,0,76,OPTIMAL
norse_fixed_highs,Norse,highs,100,barrier,1,19,3.5083,50,77,OPTIMAL
norse_fixed_highs,Norse,highs,100,barrier,1,20,2.7453,0,76,OPTIMAL
norse_fixed_highs,Norse,highs,100,barrier,1,21,2.8069,0,75,OPTIMAL
norse_fixed_highs,Norse,highs,100,barrier,1,22,3.4096,0,87,OPTIMAL
norse_fixed_highs,Norse,highs,100,barrier,1,23,2.8428,0,72,OPTIMAL
norse_fixed_highs,Norse,highs,100,barrier,1,24,3.1337,0,84,OPTIMAL
norse_fixed_highs,Norse,highs,100,barrier,1,25,3.3779,55,76,OPTIMAL
norse_fixed_highs,Norse,highs,100,barrier,1,26,2.8383,0,75,OPTIMAL
norse_fixed_highs,Norse,highs,100,barrier,1,27,2.8361,0,79,OPTIMAL
norse_fixed_highs,Norse,highs,100,barrier,1,28,4.5958,89,105,OPTIMAL
norse_fixed_highs,Norse,highs,100,barrier,1,29,3.0922,0,82,OPTIMAL
norse_fixed_highs,Norse,highs,100,barrier,1,30,3.0640,0,80,OPTIMAL
norse_fixed_highs,Norse,highs,100,barrier,1,31,3.1858,0,87,OPTIMAL
norse_fixed_highs,Norse,highs,100,barrier,1,32,3.2765,0,88,OPTIMAL
norse_fixed_highs,Norse,highs,100,barrier,1,33,2.8913,0,79,OPTIMAL
norse_fixed_highs,Norse,highs,100,barrier,1,34,2.8906,0,81,OPTIMAL
norse_fixed_highs,Norse,highs,100,barrier,1,35,2.8809,0,76,OPTIMAL
norse_fixed_highs,Norse,highs,100,barrier,1,36,5.3405,60,120,OPTIMAL
norse_fixed_highs,Norse,highs,100,barrier,1,37,3.7588,0,100,OPTIMAL
norse_fixed_highs,Norse,highs,100,barrier,1,38,3.5434,0,81,OPTIMAL
norse_fixed_highs,Norse,highs,100,barrier,1,39,3.7076,0,90,OPTIMAL
norse_fixed_highs,Norse,highs,100,barrier,1,40,3.1941,0,84,OPTIMAL
norse_fixed_highs,Norse,highs,100,barrier,1,41,4.0501,26,91,OPTIMAL
norse_fixed_highs,Norse,highs,100,barrier,1,42,3.1795,0,84,OPTIMAL
norse_fixed_highs,Norse,highs,100,barrier,1,43,2.9987,0,78,OPTIMAL
norse_fixed_highs,Norse,highs,100,barrier,1,44,3.3446,0,84,OPTIMAL
norse_fixed_highs,Norse,highs,100,barrier,1,45,2.8460,0,77,OPTIMAL
norse_fixed_highs,Norse,highs,100,barrier,1,46,3.0935,0,86,OPTIMAL
norse_fixed_highs,Norse,highs,100,barrier,1,47,4.1031,2,95,OPTIMAL
norse_fixed_highs,Norse,highs,100,barrier,1,48,2.7250,0,72,OPTIMAL
norse_fixed_highs,Norse,highs,100,barrier,1,49,2.9413,0,82,OPTIMAL
norse_fixed_highs,Norse,highs,100,barrier,1,50,2.9340,0,80,OPTIMAL
norse_fixed_highs,Norse,highs,100,barrier,1,51,2.9065,0,83,OPTIMAL
norse_fixed_highs,Norse,highs,100,barrier,1,52,2.9623,0,83,OPTIMAL
norse_fixed_highs,Norse,highs,100,barrier,1,53,3.1505,0,84,OPTIMAL
norse_fixed_highs,Norse,highs,100,barrier,1,54,2.6781,0,71,OPTIMAL
norse_fixed_highs,Norse,highs,100,barrier,1,55,2.9997,0,86,OPTIMAL
norse_fixed_highs,Norse,highs,100,barrier,1,56,2.7096,0,75,OPTIMAL
norse_fixed_highs,Norse,highs,100,barrier,1,57,3.3402,0,88,OPTIMAL
norse_fixed_highs,Norse,highs,100,barrier,1,58,5.2155,15,118,OPTIMAL
norse_fixed_highs,Norse,highs,100,barrier,1,59,3.0517,0,82,OPTIMAL
norse_fixed_highs,Norse,highs,100,barrier,1,60,5.2025,0,120,OPTIMAL
norse_fixed_highs,Norse,highs,100,barrier,1,61,3.1180,0,81,OPTIMAL
norse_fixed_highs,Norse,highs,100,barrier,1,62,3.1949,0,89,OPTIMAL
norse_fixed_highs,Norse,highs,100,barrier,1,63,2.9250,0,75,OPTIMAL
norse_fixed_highs,Norse,highs,100,barrier,1,64,3.6550,0,82,OPTIMAL
norse_fixed_highs,Norse,highs,100,barrier,1,65,3.2769,0,89,OPTIMAL
norse_fixed_highs,Norse,highs,100,barrier,1,66,2.9266,0,77,OPTIMAL
norse_fixed_highs,Norse,highs,100,barrier,1,67,3.1656,0,83,OPTIMAL
norse_fixed_highs,Norse,highs,100,barrier,1,68,4.2536,92,94,OPTIMAL
norse_fixed_highs,Norse,highs,100,barrier,1,69,4.1493,11,93,OPTIMAL
norse_fixed_highs,Norse,highs,100,barrier,1,70,2.7339,0,71,OPTIMAL
norse_fixed_highs,Norse,highs,100,barrier,1,71,2.8868,0,75,OPTIMAL
norse_fixed_highs,Norse,highs,100,barrier,1,72,3.1466,0,79,OPTIMAL
norse_fixed_highs,Norse,highs,100,barrier,1,73,2.4971,0,69,OPTIMAL
norse_fixed_highs,Norse,highs,100,barrier,1,74,2.7847,0,77,OPTIMAL
norse_fixed_highs,Norse,highs,100,barrier,1,75,2.8938,0,81,OPTIMAL
norse_fixed_highs,Norse,highs,100,barrier,1,76,4.2200,16,94,OPTIMAL
norse_fixed_highs,Norse,highs,100,barrier,1,77,2.9241,0,79,OPTIMAL
norse_fixed_highs,Norse,highs,100,barrier,1,78,2.7920,0,78,OPTIMAL
norse_fixed_highs,Norse,highs,100,barrier,1,79,4.4194,10,97,OPTIMAL
norse_fixed_highs,Norse,highs,100,barrier,1,80,2.5508,0,72,OPTIMAL
norse_fixed_highs,Norse,highs,100,barrier,1,81,3.0807,0,80,OPTIMAL
norse_fixed_highs,Norse,highs,100,barrier,1,82,4.3204,1,101,OPTIMAL
norse_fixed_highs,Norse,highs,100,barrier,1,83,2.6579,0,76,OPTIMAL
norse_fixed_highs,Norse,highs,100,barrier,1,84,2.6486,0,76,OPTIMAL
norse_fixed_highs,Norse,highs,100,barrier,1,85,2.8736,0,75,OPTIMAL
norse_fixed_highs,Norse,highs,100,barrier,1,86,2.8105,0,75,OPTIMAL
norse_fixed_highs,Norse,highs,100,barrier,1,87,2.6170,0,72,OPTIMAL
norse_fixed_highs,Norse,highs,100,barrier,1,88,3.6451,4,82,OPTIMAL
norse_fixed_highs,Norse,highs,100,barrier,1,89,2.8309,0,78,OPTIMAL
norse_fixed_highs,Norse,highs,100,barrier,1,90,2.6003,0,72,OPTIMAL
norse_fixed_highs,Norse,highs,100,barrier,1,91,2.9158,0,82,OPTIMAL
norse_fixed_highs,Norse,highs,100,barrier,1,92,2.8634,0,78,OPTIMAL
norse_fixed_highs,Norse,highs,100,barrier,1,93,3.1204,0,83,OPTIMAL
norse_fixed_highs,Norse,highs,100,barrier,1,94,3.2411,0,84,OPTIMAL
norse_fixed_highs,Norse,highs,100,barrier,1,95,3.7265,6,82,OPTIMAL
norse_fixed_highs,Norse,highs,100,barrier,1,96,3.0251,0,83,OPTIMAL
norse_fixed_highs,Norse,highs,100,barrier,1,97,3.9343,1,89,OPTIMAL
norse_fixed_highs,Norse,highs,100,barrier,1,98,2.5360,0,70,OPTIMAL
norse_fixed_highs,Norse,highs,100,barrier,1,99,2.8121,0,74,OPTIMAL
norse_fixed_highs,Norse,highs,100,barrier,1,100,3.9586,96,86,OPTIMAL
norse_fixed_highs,Norse,highs,100,barrier,2,1,2.7608,0,77,OPTIMAL
norse_fixed_highs,Norse,highs,100,barrier,2,2,2.7697,0,79,OPTIMAL
norse_fixed_highs,Norse,highs,100,barrier,2,3,2.4866,0,72,OPTIMAL
norse_fixed_highs,Norse,highs,100,barrier,2,4,3.1874,0,88,OPTIMAL
norse_fixed_highs,Norse,highs,100,barrier,2,5,6.6632,11102,108,OPTIMAL
norse_fixed_highs,Norse,highs,100,barrier,2,6,2.5661,0,72,OPTIMAL
norse_fixed_highs,Norse,highs,100,barrier,2,7,3.0359,0,82,OPTIMAL
norse_fixed_highs,Norse,highs,100,barrier,2,8,3.1152,0,86,OPTIMAL
norse_fixed_highs,Norse,highs,100,barrier,2,9,4.7995,112,109,OPTIMAL
norse_fixed_highs,Norse,highs,100,barrier,2,10,2.7822,0,80,OPTIMAL
norse_fixed_highs,Norse,highs,100,barrier,2,11,2.5556,0,72,OPTIMAL
norse_fixed_highs,Norse,highs,100,barrier,2,12,4.7483,18,109,OPTIMAL
norse_fixed_highs,Norse,highs,100,barrier,2,13,3.0145,0,80,OPTIMAL
norse_fixed_highs,Norse,highs,100,barrier,2,14,5.3836,34,122,OPTIMAL
norse_fixed_highs,Norse,highs,100,barrier,2,15,2.9423,0,78,OPTIMAL
norse_fixed_highs,Norse,highs,100,barrier,2,16,3.6350,21,74,OPTIMAL
norse_fixed_highs,Norse,highs,100,barrier,2,17,4.5942,170,105,OPTIMAL
norse_fixed_highs,Norse,highs,100,barrier,2,18,2.6553,0,76,OPTIMAL
norse_fixed_highs,Norse,highs,100,barrier,2,19,3.4266,50,77,OPTIMAL
norse_fixed_highs,Norse,highs,100,barrier,2,20,2.7099,0,76,OPTIMAL
norse_fixed_highs,Norse,highs,100,barrier,2,21,2.7858,0,75,OPTIMAL
norse_fixed_highs,Norse,highs,100,barrier,2,22,3.3607,0,87,OPTIMAL
norse_fixed_highs,Norse,highs,100,barrier,2,23,2.8765,0,72,OPTIMAL
norse_fixed_highs,Norse,highs,100,barrier,2,24,3.2082,0,84,OPTIMAL
norse_fixed_highs,Norse,highs,100,barrier,2,25,4.1915,55,76,OPTIMAL
norse_fixed_highs,Norse,highs,100,barrier,2,26,2.8493,0,75,OPTIMAL
norse_fixed_highs,Norse,highs,100,barrier,2,27,2.9896,0,79,OPTIMAL
norse_fixed_highs,Norse,highs,100,barrier,2,28,4.9827,89,105,OPTIMAL
norse_fixed_highs,Norse,highs,100,barrier,2,29,3.2237,0,82,OPTIMAL
norse_fixed_highs,Norse,highs,100,barrier,2,30,3.0860,0,80,OPTIMAL
norse_fixed_highs,Norse,highs,100,barrier,2,31,3.2529,0,87,OPTIMAL
norse_fixed_highs,Norse,highs,100,barrier,2,32,3.2764,0,88,OPTIMAL
norse_fixed_highs,Norse,highs,100,barrier,2,33,2.8915,0,79,OPTIMAL
norse_fixed_highs,Norse,highs,100,barrier,2,34,2.8960,0,81,OPTIMAL
norse_fixed_highs,Norse,highs,100,barrier,2,35,2.8821,0,76,OPTIMAL
norse_fixed_highs,Norse,highs,100,barrier,2,36,5.3182,60,120,OPTIMAL
norse_fixed_highs,Norse,highs,100,barrier,2,37,3.6635,0,100,OPTIMAL
norse_fixed_highs,Norse,highs,100,barrier,2,38,3.0427,0,81,OPTIMAL
norse_fixed_highs,Norse,highs,100,barrier,2,39,3.2782,0,90,OPTIMAL
norse_fixed_highs,Norse,highs,100,barrier,2,40,3.1836,0,84,OPTIMAL
norse_fixed_highs,Norse,highs,100,barrier,2,41,4.0512,26,91,OPTIMAL
norse_fixed_highs,Norse,highs,100,barrier,2,42,3.1393,0,84,OPTIMAL
norse_fixed_highs,Norse,highs,100,barrier,2,43,2.9998,0,78,OPTIMAL
norse_fixed_highs,Norse,highs,100,barrier,2,44,3.0187,0,84,OPTIMAL
norse_fixed_highs,Norse,highs,100,barrier,2,45,2.8372,0,77,OPTIMAL
norse_fixed_highs,Norse,highs,100,barrier,2,46,3.0668,0,86,OPTIMAL
norse_fixed_highs,Norse,highs,100,barrier,2,47,4.0813,2,95,OPTIMAL
norse_fixed_highs,Norse,highs,100,barrier,2,48,2.6201,0,72,OPTIMAL
norse_fixed_highs,Norse,highs,100,barrier,2,49,2.9466,0,82,OPTIMAL
norse_fixed_highs,Norse,highs,100,barrier,2,50,2.9295,0,80,OPTIMAL
norse_fixed_highs,Norse,highs,100,barrier,2,51,2.9005,0,83,OPTIMAL
norse_fixed_highs,Norse,highs,100,barrier,2,52,2.9571,0,83,OPTIMAL
norse_fixed_highs,Norse,highs,100,barrier,2,53,3.1629,0,84,OPTIMAL
norse_fixed_highs,Norse,highs,100,barrier,2,54,2.5706,0,71,OPTIMAL
norse_fixed_highs,Norse,highs,100,barrier,2,55,2.9534,0,86,OPTIMAL
norse_fixed_highs,Norse,highs,100,barrier,2,56,2.6962,0,75,OPTIMAL
norse_fixed_highs,Norse,highs,100,barrier,2,57,3.3527,0,88,OPTIMAL
norse_fixed_highs,Norse,highs,100,barrier,2,58,5.0941,15,118,OPTIMAL
norse_fixed_highs,Norse,highs,100,barrier,2,59,2.9805,0,82,OPTIMAL
norse_fixed_highs,Norse,highs,100,barrier,2,60,5.1928,0,120,OPTIMAL
norse_fixed_highs,Norse,highs,100,barrier,2,61,3.0976,0,81,OPTIMAL
norse_fixed_highs,Norse,highs,100,barrier,2,62,3.0243,0,89,OPTIMAL
norse_fixed_highs,Norse,highs,100,barrier,2,63,2.9129,0,75,OPTIMAL
norse_fixed_highs,Norse,highs,100,barrier,2,64,3.6478,0,82,OPTIMAL
norse_fixed_highs,Norse,highs,100,barrier,2,65,3.3004,0,89,OPTIMAL
norse_fixed_highs,Norse,highs,100,barrier,2,66,2.9173,0,77,OPTIMAL
norse_fixed_highs,Norse,highs,100,barrier,2,67,3.1573,0,83,OPTIMAL
norse_fixed_highs,Norse,highs,100,barrier,2,68,4.1744,92,94,OPTIMAL
norse_fixed_highs,Norse,highs,100,barrier,2,69,4.0683,11,93,OPTIMAL
norse_fixed_highs,Norse,highs,100,barrier,2,70,2.6386,0,71,OPTIMAL
norse_fixed_highs,Norse,highs,100,barrier,2,71,2.8554,0,75,OPTIMAL
norse_fixed_highs,Norse,highs,100,barrier,2,72,2.8116,0,79,OPTIMAL
norse_fixed_highs,Norse,highs,100,barrier,2,73,2.4481,0,69,OPTIMAL
norse_fixed_highs,Norse,highs,100,barrier,2,74,2.7701,0,77,OPTIMAL
norse_fixed_highs,Norse,highs,100,barrier,2,75,2.9035,0,81,OPTIMAL
norse_fixed_highs,Norse,highs,100,barrier,2,76,4.2136,16,94,OPTIMAL
norse_fixed_highs,Norse,highs,100,barrier,2,77,2.9248,0,79,OPTIMAL
norse_fixed_highs,Norse,highs,100,barrier,2,78,2.7962,0,78,OPTIMAL
norse_fixed_highs,Norse,highs,100,barrier,2,79,4.2991,10,97,OPTIMAL
norse_fixed_highs,Norse,highs,100,barrier,2,80,2.5599,0,72,OPTIMAL
norse_fixed_highs,Norse,highs,100,barrier,2,81,2.9198,0,80,OPTIMAL
norse_fixed_highs,Norse,highs,100,barrier,2,82,4.3166,1,101,OPTIMAL
norse_fixed_highs,Norse,highs,100,barrier,2,83,2.6845,0,76,OPTIMAL
norse_fixed_highs,Norse,highs,100,barrier,2,84,2.6428,0,76,OPTIMAL
norse_fixed_highs,Norse,highs,100,barrier,2,85,2.8497,0,75,OPTIMAL
norse_fixed_highs,Norse,highs,100,barrier,2,86,2.8156,0,75,OPTIMAL
norse_fixed_highs,Norse,highs,100,barrier,2,87,2.6003,0,72,OPTIMAL
norse_fixed_highs,Norse,highs,100,barrier,2,88,3.6546,4,82,OPTIMAL
norse_fixed_highs,Norse,highs,100,barrier,2,89,2.8337,0,78,OPTIMAL
norse_fixed_highs,Norse,highs,100,barrier,2,90,2.6078,0,72,OPTIMAL
norse_fixed_highs,Norse,highs,100,barrier,2,91,2.9706,0,82,OPTIMAL
norse_fixed_highs,Norse,highs,100,barrier,2,92,2.8684,0,78,OPTIMAL
norse_fixed_highs,Norse,highs,100,barrier,2,93,3.0910,0,83,OPTIMAL
norse_fixed_highs,Norse,highs,100,barrier,2,94,3.2404,0,84,OPTIMAL
norse_fixed_highs,Norse,highs,100,barrier,2,95,3.7130,6,82,OPTIMAL
norse_fixed_highs,Norse,highs,100,barrier,2,96,3.0845,0,83,OPTIMAL
norse_fixed_highs,Norse,highs,100,barrier,2,97,3.9300,1,89,OPTIMAL
norse_fixed_highs,Norse,highs,100,barrier,2,98,2.5260,0,70,OPTIMAL
norse_fixed_highs,Norse,highs,100,barrier,2,99,2.8459,0,74,OPTIMAL
norse_fixed_highs,Norse,highs,100,barrier,2,100,3.8484,96,86,OPTIMAL
norse_fixed_highs,Norse,highs,100,barrier,3,1,2.7745,0,77,OPTIMAL
norse_fixed_highs,Norse,highs,100,barrier,3,2,2.8037,0,79,OPTIMAL
norse_fixed_highs,Norse,highs,100,barrier,3,3,2.5008,0,72,OPTIMAL
norse_fixed_highs,Norse,highs,100,barrier,3,4,3.2511,0,88,OPTIMAL
norse_fixed_highs,Norse,highs,100,barrier,3,5,6.9139,11102,108,OPTIMAL
norse_fixed_highs,Norse,highs,100,barrier,3,6,2.6028,0,72,OPTIMAL
norse_fixed_highs,Norse,highs,100,barrier,3,7,3.0318,0,82,OPTIMAL
norse_fixed_highs,Norse,highs,100,barrier,3,8,3.2001,0,86,OPTIMAL
norse_fixed_highs,Norse,highs,100,barrier,3,9,4.8098,112,109,OPTIMAL
norse_fixed_highs,Norse,highs,100,barrier,3,10,2.8106,0,80,OPTIMAL
norse_fixed_highs,Norse,highs,100,barrier,3,11,2.5994,0,72,OPTIMAL
norse_fixed_highs,Norse,highs,100,barrier,3,12,4.7917,18,109,OPTIMAL
norse_fixed_highs,Norse,highs,100,barrier,3,13,2.9065,0,80,OPTIMAL
norse_fixed_highs,Norse,highs,100,barrier,3,14,5.2497,34,122,OPTIMAL
norse_fixed_highs,Norse,highs,100,barrier,3,15,2.9470,0,78,OPTIMAL
norse_fixed_highs,Norse,highs,100,barrier,3,16,3.4509,21,74,OPTIMAL
norse_fixed_highs,Norse,highs,100,barrier,3,17,4.6755,170,105,OPTIMAL
norse_fixed_highs,Norse,highs,100,barrier,3,18,2.6620,0,76,OPTIMAL
norse_fixed_highs,Norse,highs,100,barrier,3,19,3.4412,50,77,OPTIMAL
norse_fixed_highs,Norse,highs,100,barrier,3,20,2.7635,0,76,OPTIMAL
norse_fixed_highs,Norse,highs,100,barrier,3,21,2.8185,0,75,OPTIMAL
norse_fixed_highs,Norse,highs,100,barrier,3,22,3.3683,0,87,OPTIMAL
norse_fixed_highs,Norse,highs,100,barrier,3,23,2.8056,0,72,OPTIMAL
norse_fixed_highs,Norse,highs,100,barrier,3,24,3.1107,0,84,OPTIMAL
norse_fixed_highs,Norse,highs,100,barrier,3,25,3.4211,55,76,OPTIMAL
norse_fixed_highs,Norse,highs,100,barrier,3,26,2.6605,0,75,OPTIMAL
norse_fixed_highs,Norse,highs,100,barrier,3,27,2.8703,0,79,OPTIMAL
norse_fixed_highs,Norse,highs,100,barrier,3,28,4.6745,89,105,OPTIMAL
norse_fixed_highs,Norse,highs,100,barrier,3,29,3.0193,0,82,OPTIMAL
norse_fixed_highs,Norse,highs,100,barrier,3,30,3.0131,0,80,OPTIMAL
norse_fixed_highs,Norse,highs,100,barrier,3,31,3.1494,0,87,OPTIMAL
norse_fixed_highs,Norse,highs,100,barrier,3,32,3.2291,0,88,OPTIMAL
norse_fixed_highs,Norse,highs,100,barrier,3,33,2.8601,0,79,OPTIMAL
norse_fixed_highs,Norse,highs,100,barrier,3,34,2.9048,0,81,OPTIMAL
norse_fixed_highs,Norse,highs,100,barrier,3,35,2.8502,0,76,OPTIMAL
norse_fixed_highs,Norse,highs,100,barrier,3,36,5.2075,60,120,OPTIMAL
norse_fixed_highs,Norse,highs,100,barrier,3,37,3.8291,0,100,OPTIMAL
norse_fixed_highs,Norse,highs,100,barrier,3,38,3.0272,0,81,OPTIMAL
norse_fixed_highs,Norse,highs,100,barrier,3,39,3.2583,0,90,OPTIMAL
norse_fixed_highs,Norse,highs,100,barrier,3,40,3.1702,0,84,OPTIMAL
norse_fixed_highs,Norse,highs,100,barrier,3,41,4.0365,26,91,OPTIMAL
norse_fixed_highs,Norse,highs,100,barrier,3,42,3.1097,0,84,OPTIMAL
norse_fixed_highs,Norse,highs,100,barrier,3,43,2.9861,0,78,OPTIMAL
norse_fixed_highs,Norse,highs,100,barrier,3,44,3.0183,0,84,OPTIMAL
norse_fixed_highs,Norse,highs,100,barrier,3,45,2.8802,0,77,OPTIMAL
norse_fixed_highs,Norse,highs,100,barrier,3,46,3.0321,0,86,OPTIMAL
norse_fixed_highs,Norse,highs,100,barrier,3,47,4.0397,2,95,OPTIMAL
norse_fixed_highs,Norse,highs,100,barrier,3,48,2.6167,0,72,OPTIMAL
norse_fixed_highs,Norse,highs,100,barrier,3,49,2.9319,0,82,OPTIMAL
norse_fixed_highs,Norse,highs,100,barrier,3,50,2.9103,0,80,OPTIMAL
norse_fixed_highs,Norse,highs,100,barrier,3,51,2.8686,0,83,OPTIMAL
norse_fixed_highs,Norse,highs,100,barrier,3,52,2.9236,0,83,OPTIMAL
norse_fixed_highs,Norse,highs,100,barrier,3,53,3.1075,0,84,OPTIMAL
norse_fixed_highs,Norse,highs,100,barrier,3,54,2.5656,0,71,OPTIMAL
norse_fixed_highs,Norse,highs,100,barrier,3,55,2.9459,0,86,OPTIMAL
norse_fixed_highs,Norse,highs,100,barrier,3,56,2.6755,0,75,OPTIMAL
norse_fixed_highs,Norse,highs,100,barrier,3,57,3.3318,0,88,OPTIMAL
norse_fixed_highs,Norse,highs,100,barrier,3,58,5.0944,15,118,OPTIMAL
norse_fixed_highs,Norse,highs,100,barrier,3,59,2.9553,0,82,OPTIMAL
norse_fixed_highs,Norse,highs,100,barrier,3,60,5.1526,0,120,OPTIMAL
norse_fixed_highs,Norse,highs,100,barrier,3,61,3.1840,0,81,OPTIMAL
norse_fixed_highs,Norse,highs,100,barrier,3,62,3.0893,0,89,OPTIMAL
norse_fixed_highs,Norse,highs,100,barrier,3,63,2.9022,0,75,OPTIMAL
norse_fixed_highs,Norse,highs,100,barrier,3,64,3.6624,0,82,OPTIMAL
norse_fixed_highs,Norse,highs,100,barrier,3,65,3.2819,0,89,OPTIMAL
norse_fixed_highs,Norse,highs,100,barrier,3,66,2.9034,0,77,OPTIMAL
norse_fixed_highs,Norse,highs,100,barrier,3,67,3.1333,0,83,OPTIMAL
norse_fixed_highs,Norse,highs,100,barrier,3,68,4.1353,92,94,OPTIMAL
norse_fixed_highs,Norse,highs,100,barrier,3,69,4.0573,11,93,OPTIMAL
norse_fixed_highs,Norse,highs,100,barrier,3,70,2.6424,0,71,OPTIMAL
norse_fixed_highs,Norse,highs,100,barrier,3,71,2.8035,0,75,OPTIMAL
norse_fixed_highs,Norse,highs,100,barrier,3,72,2.7973,0,79,OPTIMAL
norse_fixed_highs,Norse,highs,100,barrier,3,73,2.6150,0,69,OPTIMAL
norse_fixed_highs,Norse,highs,100,barrier,3,74,2.8609,0,77,OPTIMAL
norse_fixed_highs,Norse,highs,100,barrier,3,75,3.0650,0,81,OPTIMAL
norse_fixed_highs,Norse,highs,100,barrier,3,76,4.2462,16,94,OPTIMAL
norse_fixed_highs,Norse,highs,100,barrier,3,77,2.9237,0,79,OPTIMAL
norse_fixed_highs,Norse,highs,100,barrier,3,78,2.8099,0,78,OPTIMAL
norse_fixed_highs,Norse,highs,100,barrier,3,79,4.2885,10,97,OPTIMAL
norse_fixed_highs,Norse,highs,100,barrier,3,80,2.5524,0,72,OPTIMAL
norse_fixed_highs,Norse,highs,100,barrier,3,81,2.9394,0,80,OPTIMAL
norse_fixed_highs,Norse,highs,100,barrier,3,82,4.3491,1,101,OPTIMAL
norse_fixed_highs,Norse,highs,100,barrier,3,83,2.6891,0,76,OPTIMAL
norse_fixed_highs,Norse,highs,100,barrier,3,84,2.6064,0,76,OPTIMAL
norse_fixed_highs,Norse,highs,100,barrier,3,85,2.8625,0,75,OPTIMAL
norse_fixed_highs,Norse,highs,100,barrier,3,86,2.8097,0,75,OPTIMAL
norse_fixed_highs,Norse,highs,100,barrier,3,87,2.5979,0,72,OPTIMAL
norse_fixed_highs,Norse,highs,100,barrier,3,88,3.6590,4,82,OPTIMAL
norse_fixed_highs,Norse,highs,100,barrier,3,89,2.8164,0,78,OPTIMAL
norse_fixed_highs,Norse,highs,100,barrier,3,90,2.5806,0,72,OPTIMAL
norse_fixed_highs,Norse,highs,100,barrier,3,91,2.8800,0,82,OPTIMAL
norse_fixed_highs,Norse,highs,100,barrier,3,92,3.2346,0,78,OPTIMAL
norse_fixed_highs,Norse,highs,100,barrier,3,93,3.1349,0,83,OPTIMAL
norse_fixed_highs,Norse,highs,100,barrier,3,94,3.2710,0,84,OPTIMAL
norse_fixed_highs,Norse,highs,100,barrier,3,95,3.7693,6,82,OPTIMAL
norse_fixed_highs,Norse,highs,100,barrier,3,96,3.0470,0,83,OPTIMAL
norse_fixed_highs,Norse,highs,100,barrier,3,97,3.9676,1,89,OPTIMAL
norse_fixed_highs,Norse,highs,100,barrier,3,98,2.4995,0,70,OPTIMAL
norse_fixed_highs,Norse,highs,100,barrier,3,99,2.7289,0,74,OPTIMAL
norse_fixed_highs,Norse,highs,100,barrier,3,100,3.9147,96,86,OPTIMAL
norse_fixed_highs,Norse,highs,100,warm_primal_simplex,1,1,2.8771,0,77,OPTIMAL
norse_fixed_highs,Norse,highs,100,warm_primal_simplex,1,2,0.0208,45,0,OPTIMAL
norse_fixed_highs,Norse,highs,100,warm_primal_simplex,1,3,0.0196,34,0,OPTIMAL
norse_fixed_highs,Norse,highs,100,warm_primal_simplex,1,4,0.0164,11,0,OPTIMAL
norse_fixed_highs,Norse,highs,100,warm_primal_simplex,1,5,0.0201,32,0,OPTIMAL
norse_fixed_highs,Norse,highs,100,warm_primal_simplex,1,6,0.0132,6,0,OPTIMAL
norse_fixed_highs,Norse,highs,100,warm_primal_simplex,1,7,0.0147,9,0,OPTIMAL
norse_fixed_highs,Norse,highs,100,warm_primal_simplex,1,8,0.0153,16,0,OPTIMAL
norse_fixed_highs,Norse,highs,100,warm_primal_simplex,1,9,0.0182,33,0,OPTIMAL
norse_fixed_highs,Norse,highs,100,warm_primal_simplex,1,10,0.0129,5,0,OPTIMAL
norse_fixed_highs,Norse,highs,100,warm_primal_simplex,1,11,0.0121,2,0,OPTIMAL
norse_fixed_highs,Norse,highs,100,warm_primal_simplex,1,12,0.0153,10,0,OPTIMAL
norse_fixed_highs,Norse,highs,100,warm_primal_simplex,1,13,0.0094,0,0,OPTIMAL
norse_fixed_highs,Norse,highs,100,warm_primal_simplex,1,14,0.0128,10,0,OPTIMAL
norse_fixed_highs,Norse,highs,100,warm_primal_simplex,1,15,0.0090,0,0,OPTIMAL
norse_fixed_highs,Norse,highs,100,warm_primal_simplex,1,16,0.0134,14,0,OPTIMAL
norse_fixed_highs,Norse,highs,100,warm_primal_simplex,1,17,0.0154,21,0,OPTIMAL
norse_fixed_highs,Norse,highs,100,warm_primal_simplex,1,18,0.0115,3,0,OPTIMAL
norse_fixed_highs,Norse,highs,100,warm_primal_simplex,1,19,0.0088,0,0,OPTIMAL
norse_fixed_highs,Norse,highs,100,warm_primal_simplex,1,20,0.0127,9,0,OPTIMAL
norse_fixed_highs,Norse,highs,100,warm_primal_simplex,1,21,0.0112,2,0,OPTIMAL
norse_fixed_highs,Norse,highs,100,warm_primal_simplex,1,22,0.0112,1,0,OPTIMAL
norse_fixed_highs,Norse,highs,100,warm_primal_simplex,1,23,0.0109,1,0,OPTIMAL
norse_fixed_highs,Norse,highs,100,warm_primal_simplex,1,24,0.0136,15,0,OPTIMAL
norse_fixed_highs,Norse,highs,100,warm_primal_simplex,1,25,0.0134,1,0,OPTIMAL
norse_fixed_highs,Norse,highs,100,warm_primal_simplex,1,26,0.0263,14,0,OPTIMAL
norse_fixed_highs,Norse,highs,100,warm_primal_simplex,1,27,0.0160,9,0,OPTIMAL
norse_fixed_highs,Norse,highs,100,warm_primal_simplex,1,28,0.0131,4,0,OPTIMAL
norse_fixed_highs,Norse,highs,100,warm_primal_simplex,1,29,0.0202,34,0,OPTIMAL
norse_fixed_highs,Norse,highs,100,warm_primal_simplex,1,30,0.0200,34,0,OPTIMAL
norse_fixed_highs,Norse,highs,100,warm_primal_simplex,1,31,0.0166,14,0,OPTIMAL
norse_fixed_highs,Norse,highs,100,warm_primal_simplex,1,32,0.0148,6,0,OPTIMAL
norse_fixed_highs,Norse,highs,100,warm_primal_simplex,1,33,0.0130,3,0,OPTIMAL
norse_fixed_highs,Norse,highs,100,warm_primal_simplex,1,34,0.0191,29,0,OPTIMAL
norse_fixed_highs,Norse,highs,100,warm_primal_simplex,1,35,0.0209,30,0,OPTIMAL
norse_fixed_highs,Norse,highs,100,warm_primal_simplex,1,36,0.0102,0,0,OPTIMAL
norse_fixed_highs,Norse,highs,100,warm_primal_simplex,1,37,0.0130,1,0,OPTIMAL
norse_fixed_highs,Norse,highs,100,warm_primal_simplex,1,38,0.0125,2,0,OPTIMAL
norse_fixed_highs,Norse,highs,100,warm_primal_simplex,1,39,0.0195,22,0,OPTIMAL
norse_fixed_highs,Norse,highs,100,warm_primal_simplex,1,40,0.0219,25,0,OPTIMAL
norse_fixed_highs,Norse,highs,100,warm_primal_simplex,1,41,0.0132,1,0,OPTIMAL
norse_fixed_highs,Norse,highs,100,warm_primal_simplex,1,42,0.0098,0,0,OPTIMAL
norse_fixed_highs,Norse,highs,100,warm_primal_simplex,1,43,0.0092,0,0,OPTIMAL
norse_fixed_highs,Norse,highs,100,warm_primal_simplex,1,44,0.0126,4,0,OPTIMAL
norse_fixed_highs,Norse,highs,100,warm_primal_simplex,1,45,0.0133,4,0,OPTIMAL
norse_fixed_highs,Norse,highs,100,warm_primal_simplex,1,46,0.0173,22,0,OPTIMAL
norse_fixed_highs,Norse,highs,100,warm_primal_simplex,1,47,0.0176,22,0,OPTIMAL
norse_fixed_highs,Norse,highs,100,warm_primal_simplex,1,48,0.0124,1,0,OPTIMAL
norse_fixed_highs,Norse,highs,100,warm_primal_simplex,1,49,0.0093,0,0,OPTIMAL
norse_fixed_highs,Norse,highs,100,warm_primal_simplex,1,50,0.0091,0,0,OPTIMAL
norse_fixed_highs,Norse,highs,100,warm_primal_simplex,1,51,0.0134,8,0,OPTIMAL
norse_fixed_highs,Norse,highs,100,warm_primal_simplex,1,52,0.0145,7,0,OPTIMAL
norse_fixed_highs,Norse,highs,100,warm_primal_simplex,1,53,0.0155,9,0,OPTIMAL
norse_fixed_highs,Norse,highs,100,warm_primal_simplex,1,54,0.0152,10,0,OPTIMAL
norse_fixed_highs,Norse,highs,100,warm_primal_simplex,1,55,0.0168,18,0,OPTIMAL
norse_fixed_highs,Norse,highs,100,warm_primal_simplex,1,56,0.0155,14,0,OPTIMAL
norse_fixed_highs,Norse,highs,100,warm_primal_simplex,1,57,0.0100,0,0,OPTIMAL
norse_fixed_highs,Norse,highs,100,warm_primal_simplex,1,58,0.0120,2,0,OPTIMAL
norse_fixed_highs,Norse,highs,100,warm_primal_simplex,1,59,0.0165,12,0,OPTIMAL
norse_fixed_highs,Norse,highs,100,warm_primal_simplex,1,60,0.0160,10,0,OPTIMAL
norse_fixed_highs,Norse,highs,100,warm_primal_simplex,1,61,0.0099,0,0,OPTIMAL
norse_fixed_highs,Norse,highs,100,warm_primal_simplex,1,62,0.0168,16,0,OPTIMAL
norse_fixed_highs,Norse,highs,100,warm_primal_simplex,1,63,0.0180,20,0,OPTIMAL
norse_fixed_highs,Norse,highs,100,warm_primal_simplex,1,64,0.0098,0,0,OPTIMAL
norse_fixed_highs,Norse,highs,100,warm_primal_simplex,1,65,0.0095,0,0,OPTIMAL
norse_fixed_highs,Norse,highs,100,warm_primal_simplex,1,66,0.0127,4,0,OPTIMAL
norse_fixed_highs,Norse,highs,100,warm_primal_simplex,1,67,0.0136,2,0,OPTIMAL
norse_fixed_highs,Norse,highs,100,warm_primal_simplex,1,68,0.0168,17,0,OPTIMAL
norse_fixed_highs,Norse,highs,100,warm_primal_simplex,1,69,0.0169,13,0,OPTIMAL
norse_fixed_highs,Norse,highs,100,warm_primal_simplex,1,70,0.0103,0,0,OPTIMAL
norse_fixed_highs,Norse,highs,100,warm_primal_simplex,1,71,0.0121,1,0,OPTIMAL
norse_fixed_highs,Norse,highs,100,warm_primal_simplex,1,72,0.0146,7,0,OPTIMAL
norse_fixed_highs,Norse,highs,100,warm_primal_simplex,1,73,0.0151,6,0,OPTIMAL
norse_fixed_highs,Norse,highs,100,warm_primal_simplex,1,74,0.0132,3,0,OPTIMAL
norse_fixed_highs,Norse,highs,100,warm_primal_simplex,1,75,0.0128,2,0,OPTIMAL
norse_fixed_highs,Norse,highs,100,warm_primal_simplex,1,76,0.0166,17,0,OPTIMAL
norse_fixed_highs,Norse,highs,100,warm_primal_simplex,1,77,0.0152,13,0,OPTIMAL
norse_fixed_highs,Norse,highs,100,warm_primal_simplex,1,78,0.0123,1,0,OPTIMAL
norse_fixed_highs,Norse,highs,100,warm_primal_simplex,1,79,0.0095,0,0,OPTIMAL
norse_fixed_highs,Norse,highs,100,warm_primal_simplex,1,80,0.0137,8,0,OPTIMAL
norse_fixed_highs,Norse,highs,100,warm_primal_simplex,1,81,0.0164,7,0,OPTIMAL
norse_fixed_highs,Norse,highs,100,warm_primal_simplex,1,82,0.0137,3,0,OPTIMAL
norse_fixed_highs,Norse,highs,100,warm_primal_simplex,1,83,0.0133,2,0,OPTIMAL
norse_fixed_highs,Norse,highs,100,warm_primal_simplex,1,84,0.0162,16,0,OPTIMAL
norse_fixed_highs,Norse,highs,100,warm_primal_simplex,1,85,0.0151,12,0,OPTIMAL
norse_fixed_highs,Norse,highs,100,warm_primal_simplex,1,86,0.0097,0,0,OPTIMAL
norse_fixed_highs,Norse,highs,100,warm_primal_simplex,1,87,0.0095,0,0,OPTIMAL
norse_fixed_highs,Norse,highs,100,warm_primal_simplex,1,88,0.0146,10,0,OPTIMAL
norse_fixed_highs,Norse,highs,100,warm_primal_simplex,1,89,0.0166,9,0,OPTIMAL
norse_fixed_highs,Norse,highs,100,warm_primal_simplex,1,90,0.0101,0,0,OPTIMAL
norse_fixed_highs,Norse,highs,100,warm_primal_simplex,1,91,0.0154,12,0,OPTIMAL
norse_fixed_highs,Norse,highs,100,warm_primal_simplex,1,92,0.0169,10,0,OPTIMAL
norse_fixed_highs,Norse,highs,100,warm_primal_simplex,1,93,0.0136,0,0,OPTIMAL
norse_fixed_highs,Norse,highs,100,warm_primal_simplex,1,94,0.0203,9,0,OPTIMAL
norse_fixed_highs,Norse,highs,100,warm_primal_simplex,1,95,0.0177,7,0,OPTIMAL
norse_fixed_highs,Norse,highs,100,warm_primal_simplex,1,96,0.0129,4,0,OPTIMAL
norse_fixed_highs,Norse,highs,100,warm_primal_simplex,1,97,0.0138,2,0,OPTIMAL
norse_fixed_highs,Norse,highs,100,warm_primal_simplex,1,98,0.0155,8,0,OPTIMAL
norse_fixed_highs,Norse,highs,100,warm_primal_simplex,1,99,0.0142,8,0,OPTIMAL
norse_fixed_highs,Norse,highs,100,warm_primal_simplex,1,100,0.0135,4,0,OPTIMAL
norse_fixed_highs,Norse,highs,100,warm_primal_simplex,2,1,2.7743,0,77,OPTIMAL
norse_fixed_highs,Norse,highs,100,warm_primal_simplex,2,2,0.0174,45,0,OPTIMAL
norse_fixed_highs,Norse,highs,100,warm_primal_simplex,2,3,0.0164,34,0,OPTIMAL
norse_fixed_highs,Norse,highs,100,warm_primal_simplex,2,4,0.0128,11,0,OPTIMAL
norse_fixed_highs,Norse,highs,100,warm_primal_simplex,2,5,0.0179,32,0,OPTIMAL
norse_fixed_highs,Norse,highs,100,warm_primal_simplex,2,6,0.0128,6,0,OPTIMAL
norse_fixed_highs,Norse,highs,100,warm_primal_simplex,2,7,0.0135,9,0,OPTIMAL
norse_fixed_highs,Norse,highs,100,warm_primal_simplex,2,8,0.0150,16,0,OPTIMAL
norse_fixed_highs,Norse,highs,100,warm_primal_simplex,2,9,0.0180,33,0,OPTIMAL
norse_fixed_highs,Norse,highs,100,warm_primal_simplex,2,10,0.0118,5,0,OPTIMAL
norse_fixed_highs,Norse,highs,100,warm_primal_simplex,2,11,0.0109,2,0,OPTIMAL
norse_fixed_highs,Norse,highs,100,warm_primal_simplex,2,12,0.0123,10,0,OPTIMAL
norse_fixed_highs,Norse,highs,100,warm_primal_simplex,2,13,0.0083,0,0,OPTIMAL
norse_fixed_highs,Norse,highs,100,warm_primal_simplex,2,14,0.0120,10,0,OPTIMAL
norse_fixed_highs,Norse,highs,100,warm_primal_simplex,2,15,0.0083,0,0,OPTIMAL
norse_fixed_highs,Norse,highs,100,warm_primal_simplex,2,16,0.0138,14,0,OPTIMAL
norse_fixed_highs,Norse,highs,100,warm_primal_simplex,2,17,0.0161,21,0,OPTIMAL
norse_fixed_highs,Norse,highs,100,warm_primal_simplex,2,18,0.0121,3,0,OPTIMAL
norse_fixed_highs,Norse,highs,100,warm_primal_simplex,2,19,0.0096,0,0,OPTIMAL
norse_fixed_highs,Norse,highs,100,warm_primal_simplex,2,20,0.0129,9,0,OPTIMAL
norse_fixed_highs,Norse,highs,100,warm_primal_simplex,2,21,0.0117,2,0,OPTIMAL
norse_fixed_highs,Norse,highs,100,warm_primal_simplex,2,22,0.0112,1,0,OPTIMAL
norse_fixed_highs,Norse,highs,100,warm_primal_simplex,2,23,0.0132,1,0,OPTIMAL
norse_fixed_highs,Norse,highs,100,warm_primal_simplex,2,24,0.0149,15,0,OPTIMAL
norse_fixed_highs,Norse,highs,100,warm_primal_simplex,2,25,0.0119,1,0,OPTIMAL
norse_fixed_highs,Norse,highs,100,warm_primal_simplex,2,26,0.0260,14,0,OPTIMAL
norse_fixed_highs,Norse,highs,100,warm_primal_simplex,2,27,0.0143,9,0,OPTIMAL
norse_fixed_highs,Norse,highs,100,warm_primal_simplex,2,28,0.0123,4,0,OPTIMAL
norse_fixed_highs,Norse,highs,100,warm_primal_simplex,2,29,0.0196,34,0,OPTIMAL
norse_fixed_highs,Norse,highs,100,warm_primal_simplex,2,30,0.0215,34,0,OPTIMAL
norse_fixed_highs,Norse,highs,100,warm_primal_simplex,2,31,0.0167,14,0,OPTIMAL
norse_fixed_highs,Norse,highs,100,warm_primal_simplex,2,32,0.0154,6,0,OPTIMAL
norse_fixed_highs,Norse,highs,100,warm_primal_simplex,2,33,0.0128,3,0,OPTIMAL
norse_fixed_highs,Norse,highs,100,warm_primal_simplex,2,34,0.0175,29,0,OPTIMAL
norse_fixed_highs,Norse,highs,100,warm_primal_simplex,2,35,0.0203,30,0,OPTIMAL
norse_fixed_highs,Norse,highs,100,warm_primal_simplex,2,36,0.0088,0,0,OPTIMAL
norse_fixed_highs,Norse,highs,100,warm_primal_simplex,2,37,0.0115,1,0,OPTIMAL
norse_fixed_highs,Norse,highs,100,warm_primal_simplex,2,38,0.0119,2,0,OPTIMAL
norse_fixed_highs,Norse,highs,100,warm_primal_simplex,2,39,0.0163,22,0,OPTIMAL
norse_fixed_highs,Norse,highs,100,warm_primal_simplex,2,40,0.0169,25,0,OPTIMAL
norse_fixed_highs,Norse,highs,100,warm_primal_simplex,2,41,0.0110,1,0,OPTIMAL
norse_fixed_highs,Norse,highs,100,warm_primal_simplex,2,42,0.0085,0,0,OPTIMAL
norse_fixed_highs,Norse,highs,100,warm_primal_simplex,2,43,0.0086,0,0,OPTIMAL
norse_fixed_highs,Norse,highs,100,warm_primal_simplex,2,44,0.0123,4,0,OPTIMAL
norse_fixed_highs,Norse,highs,100,warm_primal_simplex,2,45,0.0119,4,0,OPTIMAL
norse_fixed_highs,Norse,highs,100,warm_primal_simplex,2,46,0.0160,22,0,OPTIMAL
norse_fixed_highs,Norse,highs,100,warm_primal_simplex,2,47,0.0158,22,0,OPTIMAL
norse_fixed_highs,Norse,highs,100,warm_primal_simplex,2,48,0.0107,1,0,OPTIMAL
norse_fixed_highs,Norse,highs,100,warm_primal_simplex,2,49,0.0084,0,0,OPTIMAL
norse_fixed_highs,Norse,highs,100,warm_primal_simplex,2,50,0.0082,0,0,OPTIMAL
norse_fixed_highs,Norse,highs,100,warm_primal_simplex,2,51,0.0127,8,0,OPTIMAL
norse_fixed_highs,Norse,highs,100,warm_primal_simplex,2,52,0.0130,7,0,OPTIMAL
norse_fixed_highs,Norse,highs,100,warm_primal_simplex,2,53,0.0162,9,0,OPTIMAL
norse_fixed_highs,Norse,highs,100,warm_primal_simplex,2,54,0.0155,10,0,OPTIMAL
norse_fixed_highs,Norse,highs,100,warm_primal_simplex,2,55,0.0165,18,0,OPTIMAL
norse_fixed_highs,Norse,highs,100,warm_primal_simplex,2,56,0.0155,14,0,OPTIMAL
norse_fixed_highs,Norse,highs,100,warm_primal_simplex,2,57,0.0095,0,0,OPTIMAL
norse_fixed_highs,Norse,highs,100,warm_primal_simplex,2,58,0.0126,2,0,OPTIMAL
norse_fixed_highs,Norse,highs,100,warm_primal_simplex,2,59,0.0163,12,0,OPTIMAL
norse_fixed_highs,Norse,highs,100,warm_primal_simplex,2,60,0.0156,10,0,OPTIMAL
norse_fixed_highs,Norse,highs,100,warm_primal_simplex,2,61,0.0103,0,0,OPTIMAL
norse_fixed_highs,Norse,highs,100,warm_primal_simplex,2,62,0.0161,16,0,OPTIMAL
norse_fixed_highs,Norse,highs,100,warm_primal_simplex,2,63,0.0155,20,0,OPTIMAL
norse_fixed_highs,Norse,highs,100,warm_primal_simplex,2,64,0.0084,0,0,OPTIMAL
norse_fixed_highs,Norse,highs,100,warm_primal_simplex,2,65,0.0081,0,0,OPTIMAL
norse_fixed_highs,Norse,highs,100,warm_primal_simplex,2,66,0.0114,4,0,OPTIMAL
norse_fixed_highs,Norse,highs,100,warm_primal_simplex,2,67,0.0111,2,0,OPTIMAL
norse_fixed_highs,Norse,highs,100,warm_primal_simplex,2,68,0.0194,17,0,OPTIMAL
norse_fixed_highs,Norse,highs,100,warm_primal_simplex,2,69,0.0159,13,0,OPTIMAL
norse_fixed_highs,Norse,highs,100,warm_primal_simplex,2,70,0.0103,0,0,OPTIMAL
norse_fixed_highs,Norse,highs,100,warm_primal_simplex,2,71,0.0133,1,0,OPTIMAL
norse_fixed_highs,Norse,highs,100,warm_primal_simplex,2,72,0.0147,7,0,OPTIMAL
norse_fixed_highs,Norse,highs,100,warm_primal_simplex,2,73,0.0151,6,0,OPTIMAL
norse_fixed_highs,Norse,highs,100,warm_primal_simplex,2,74,0.0150,3,0,OPTIMAL
norse_fixed_highs,Norse,highs,100,warm_primal_simplex,2,75,0.0137,2,0,OPTIMAL
norse_fixed_highs,Norse,highs,100,warm_primal_simplex,2,76,0.0171,17,0,OPTIMAL
norse_fixed_highs,Norse,highs,100,warm_primal_simplex,2,77,0.0160,13,0,OPTIMAL
norse_fixed_highs,Norse,highs,100,warm_primal_simplex,2,78,0.0126,1,0,OPTIMAL
norse_fixed_highs,Norse,highs,100,warm_primal_simplex,2,79,0.0098,0,0,OPTIMAL
norse_fixed_highs,Norse,highs,100,warm_primal_simplex,2,80,0.0137,8,0,OPTIMAL
norse_fixed_highs,Norse,highs,100,warm_primal_simplex,2,81,0.0136,7,0,OPTIMAL
norse_fixed_highs,Norse,highs,100,warm_primal_simplex,2,82,0.0121,3,0,OPTIMAL
norse_fixed_highs,Norse,highs,100,warm_primal_simplex,2,83,0.0118,2,0,OPTIMAL
norse_fixed_highs,Norse,highs,100,warm_primal_simplex,2,84,0.0172,16,0,OPTIMAL
norse_fixed_highs,Norse,highs,100,warm_primal_simplex,2,85,0.0141,12,0,OPTIMAL
norse_fixed_highs,Norse,highs,100,warm_primal_simplex,2,86,0.0089,0,0,OPTIMAL
norse_fixed_highs,Norse,highs,100,warm_primal_simplex,2,87,0.0084,0,0,OPTIMAL
norse_fixed_highs,Norse,highs,100,warm_primal_simplex,2,88,0.0134,10,0,OPTIMAL
norse_fixed_highs,Norse,highs,100,warm_primal_simplex,2,89,0.0141,9,0,OPTIMAL
norse_fixed_highs,Norse,highs,100,warm_primal_simplex,2,90,0.0089,0,0,OPTIMAL
norse_fixed_highs,Norse,highs,100,warm_primal_simplex,2,91,0.0137,12,0,OPTIMAL
norse_fixed_highs,Norse,highs,100,warm_primal_simplex,2,92,0.0143,10,0,OPTIMAL
norse_fixed_highs,Norse,highs,100,warm_primal_simplex,2,93,0.0093,0,0,OPTIMAL
norse_fixed_highs,Norse,highs,100,warm_primal_simplex,2,94,0.0134,9,0,OPTIMAL
norse_fixed_highs,Norse,highs,100,warm_primal_simplex,2,95,0.0134,7,0,OPTIMAL
norse_fixed_highs,Norse,highs,100,warm_primal_simplex,2,96,0.0121,4,0,OPTIMAL
norse_fixed_highs,Norse,highs,100,warm_primal_simplex,2,97,0.0122,2,0,OPTIMAL
norse_fixed_highs,Norse,highs,100,warm_primal_simplex,2,98,0.0138,8,0,OPTIMAL
norse_fixed_highs,Norse,highs,100,warm_primal_simplex,2,99,0.0147,8,0,OPTIMAL
norse_fixed_highs,Norse,highs,100,warm_primal_simplex,2,100,0.0133,4,0,OPTIMAL
norse_fixed_highs,Norse,highs,100,warm_primal_simplex,3,1,2.8123,0,77,OPTIMAL
norse_fixed_highs,Norse,highs,100,warm_primal_simplex,3,2,0.0189,45,0,OPTIMAL
norse_fixed_highs,Norse,highs,100,warm_primal_simplex,3,3,0.0177,34,0,OPTIMAL
norse_fixed_highs,Norse,highs,100,warm_primal_simplex,3,4,0.0140,11,0,OPTIMAL
norse_fixed_highs,Norse,highs,100,warm_primal_simplex,3,5,0.0176,32,0,OPTIMAL
norse_fixed_highs,Norse,highs,100,warm_primal_simplex,3,6,0.0136,6,0,OPTIMAL
norse_fixed_highs,Norse,highs,100,warm_primal_simplex,3,7,0.0143,9,0,OPTIMAL
norse_fixed_highs,Norse,highs,100,warm_primal_simplex,3,8,0.0147,16,0,OPTIMAL
norse_fixed_highs,Norse,highs,100,warm_primal_simplex,3,9,0.0179,33,0,OPTIMAL
norse_fixed_highs,Norse,highs,100,warm_primal_simplex,3,10,0.0137,5,0,OPTIMAL
norse_fixed_highs,Norse,highs,100,warm_primal_simplex,3,11,0.0117,2,0,OPTIMAL
norse_fixed_highs,Norse,highs,100,warm_primal_simplex,3,12,0.0138,10,0,OPTIMAL
norse_fixed_highs,Norse,highs,100,warm_primal_simplex,3,13,0.0103,0,0,OPTIMAL
norse_fixed_highs,Norse,highs,100,warm_primal_simplex,3,14,0.0132,10,0,OPTIMAL
norse_fixed_highs,Norse,highs,100,warm_primal_simplex,3,15,0.0093,0,0,OPTIMAL
norse_fixed_highs,Norse,highs,100,warm_primal_simplex,3,16,0.0140,14,0,OPTIMAL
norse_fixed_highs,Norse,highs,100,warm_primal_simplex,3,17,0.0157,21,0,OPTIMAL
norse_fixed_highs,Norse,highs,100,warm_primal_simplex,3,18,0.0122,3,0,OPTIMAL
norse_fixed_highs,Norse,highs,100,warm_primal_simplex,3,19,0.0092,0,0,OPTIMAL
norse_fixed_highs,Norse,highs,100,warm_primal_simplex,3,20,0.0131,9,0,OPTIMAL
norse_fixed_highs,Norse,highs,100,warm_primal_simplex,3,21,0.0120,2,0,OPTIMAL
norse_fixed_highs,Norse,highs,100,warm_primal_simplex,3,22,0.0114,1,0,OPTIMAL
norse_fixed_highs,Norse,highs,100,warm_primal_simplex,3,23,0.0115,1,0,OPTIMAL
norse_fixed_highs,Norse,highs,100,warm_primal_simplex,3,24,0.0137,15,0,OPTIMAL
norse_fixed_highs,Norse,highs,100,warm_primal_simplex,3,25,0.0113,1,0,OPTIMAL
norse_fixed_highs,Norse,highs,100,warm_primal_simplex,3,26,0.0256,14,0,OPTIMAL
norse_fixed_highs,Norse,highs,100,warm_primal_simplex,3,27,0.0134,9,0,OPTIMAL
norse_fixed_highs,Norse,highs,100,warm_primal_simplex,3,28,0.0118,4,0,OPTIMAL
norse_fixed_highs,Norse,highs,100,warm_primal_simplex,3,29,0.0196,34,0,OPTIMAL
norse_fixed_highs,Norse,highs,100,warm_primal_simplex,3,30,0.0194,34,0,OPTIMAL
norse_fixed_highs,Norse,highs,100,warm_primal_simplex,3,31,0.0162,14,0,OPTIMAL
norse_fixed_highs,Norse,highs,100,warm_primal_simplex,3,32,0.0137,6,0,OPTIMAL
norse_fixed_highs,Norse,highs,100,warm_primal_simplex,3,33,0.0128,3,0,OPTIMAL
norse_fixed_highs,Norse,highs,100,warm_primal_simplex,3,34,0.0185,29,0,OPTIMAL
norse_fixed_highs,Norse,highs,100,warm_primal_simplex,3,35,0.0200,30,0,OPTIMAL
norse_fixed_highs,Norse,highs,100,warm_primal_simplex,3,36,0.0100,0,0,OPTIMAL
norse_fixed_highs,Norse,highs,100,warm_primal_simplex,3,37,0.0149,1,0,OPTIMAL
norse_fixed_highs,Norse,highs,100,warm_primal_simplex,3,38,0.0134,2,0,OPTIMAL
norse_fixed_highs,Norse,highs,100,warm_primal_simplex,3,39,0.0180,22,0,OPTIMAL
norse_fixed_highs,Norse,highs,100,warm_primal_simplex,3,40,0.0195,25,0,OPTIMAL
norse_fixed_highs,Norse,highs,100,warm_primal_simplex,3,41,0.0130,1,0,OPTIMAL
norse_fixed_highs,Norse,highs,100,warm_primal_simplex,3,42,0.0104,0,0,OPTIMAL
norse_fixed_highs,Norse,highs,100,warm_primal_simplex,3,43,0.0097,0,0,OPTIMAL
norse_fixed_highs,Norse,highs,100,warm_primal_simplex,3,44,0.0131,4,0,OPTIMAL
norse_fixed_highs,Norse,highs,100,warm_primal_simplex,3,45,0.0135,4,0,OPTIMAL
norse_fixed_highs,Norse,highs,100,warm_primal_simplex,3,46,0.0176,22,0,OPTIMAL
norse_fixed_highs,Norse,highs,100,warm_primal_simplex,3,47,0.0171,22,0,OPTIMAL
norse_fixed_highs,Norse,highs,100,warm_primal_simplex,3,48,0.0126,1,0,OPTIMAL
norse_fixed_highs,Norse,highs,100,warm_primal_simplex,3,49,0.0099,0,0,OPTIMAL
norse_fixed_highs,Norse,highs,100,warm_primal_simplex,3,50,0.0094,0,0,OPTIMAL
norse_fixed_highs,Norse,highs,100,warm_primal_simplex,3,51,0.0150,8,0,OPTIMAL
norse_fixed_highs,Norse,highs,100,warm_primal_simplex,3,52,0.0152,7,0,OPTIMAL
norse_fixed_highs,Norse,highs,100,warm_primal_simplex,3,53,0.0149,9,0,OPTIMAL
norse_fixed_highs,Norse,highs,100,warm_primal_simplex,3,54,0.0159,10,0,OPTIMAL
norse_fixed_highs,Norse,highs,100,warm_primal_simplex,3,55,0.0169,18,0,OPTIMAL
norse_fixed_highs,Norse,highs,100,warm_primal_simplex,3,56,0.0158,14,0,OPTIMAL
norse_fixed_highs,Norse,highs,100,warm_primal_simplex,3,57,0.0105,0,0,OPTIMAL
norse_fixed_highs,Norse,highs,100,warm_primal_simplex,3,58,0.0128,2,0,OPTIMAL
norse_fixed_highs,Norse,highs,100,warm_primal_simplex,3,59,0.0154,12,0,OPTIMAL
norse_fixed_highs,Norse,highs,100,warm_primal_simplex,3,60,0.0156,10,0,OPTIMAL
norse_fixed_highs,Norse,highs,100,warm_primal_simplex,3,61,0.0098,0,0,OPTIMAL
norse_fixed_highs,Norse,highs,100,warm_primal_simplex,3,62,0.0163,16,0,OPTIMAL
norse_fixed_highs,Norse,highs,100,warm_primal_simplex,3,63,0.0171,20,0,OPTIMAL
norse_fixed_highs,Norse,highs,100,warm_primal_simplex,3,64,0.0099,0,0,OPTIMAL
norse_fixed_highs,Norse,highs,100,warm_primal_simplex,3,65,0.0101,0,0,OPTIMAL
norse_fixed_highs,Norse,highs,100,warm_primal_simplex,3,66,0.0167,4,0,OPTIMAL
norse_fixed_highs,Norse,highs,100,warm_primal_simplex,3,67,0.0136,2,0,OPTIMAL
norse_fixed_highs,Norse,highs,100,warm_primal_simplex,3,68,0.0176,17,0,OPTIMAL
norse_fixed_highs,Norse,highs,100,warm_primal_simplex,3,69,0.0171,13,0,OPTIMAL
norse_fixed_highs,Norse,highs,100,warm_primal_simplex,3,70,0.0106,0,0,OPTIMAL
norse_fixed_highs,Norse,highs,100,warm_primal_simplex,3,71,0.0126,1,0,OPTIMAL
norse_fixed_highs,Norse,highs,100,warm_primal_simplex,3,72,0.0147,7,0,OPTIMAL
norse_fixed_highs,Norse,highs,100,warm_primal_simplex,3,73,0.0151,6,0,OPTIMAL
norse_fixed_highs,Norse,highs,100,warm_primal_simplex,3,74,0.0144,3,0,OPTIMAL
norse_fixed_highs,Norse,highs,100,warm_primal_simplex,3,75,0.0131,2,0,OPTIMAL
norse_fixed_highs,Norse,highs,100,warm_primal_simplex,3,76,0.0169,17,0,OPTIMAL
norse_fixed_highs,Norse,highs,100,warm_primal_simplex,3,77,0.0159,13,0,OPTIMAL
norse_fixed_highs,Norse,highs,100,warm_primal_simplex,3,78,0.0127,1,0,OPTIMAL
norse_fixed_highs,Norse,highs,100,warm_primal_simplex,3,79,0.0101,0,0,OPTIMAL
norse_fixed_highs,Norse,highs,100,warm_primal_simplex,3,80,0.0170,8,0,OPTIMAL
norse_fixed_highs,Norse,highs,100,warm_primal_simplex,3,81,0.0182,7,0,OPTIMAL
norse_fixed_highs,Norse,highs,100,warm_primal_simplex,3,82,0.0164,3,0,OPTIMAL
norse_fixed_highs,Norse,highs,100,warm_primal_simplex,3,83,0.0152,2,0,OPTIMAL
norse_fixed_highs,Norse,highs,100,warm_primal_simplex,3,84,0.0175,16,0,OPTIMAL
norse_fixed_highs,Norse,highs,100,warm_primal_simplex,3,85,0.0157,12,0,OPTIMAL
norse_fixed_highs,Norse,highs,100,warm_primal_simplex,3,86,0.0094,0,0,OPTIMAL
norse_fixed_highs,Norse,highs,100,warm_primal_simplex,3,87,0.0090,0,0,OPTIMAL
norse_fixed_highs,Norse,highs,100,warm_primal_simplex,3,88,0.0145,10,0,OPTIMAL
norse_fixed_highs,Norse,highs,100,warm_primal_simplex,3,89,0.0149,9,0,OPTIMAL
norse_fixed_highs,Norse,highs,100,warm_primal_simplex,3,90,0.0092,0,0,OPTIMAL
norse_fixed_highs,Norse,highs,100,warm_primal_simplex,3,91,0.0143,12,0,OPTIMAL
norse_fixed_highs,Norse,highs,100,warm_primal_simplex,3,92,0.0149,10,0,OPTIMAL
norse_fixed_highs,Norse,highs,100,warm_primal_simplex,3,93,0.0094,0,0,OPTIMAL
norse_fixed_highs,Norse,highs,100,warm_primal_simplex,3,94,0.0160,9,0,OPTIMAL
norse_fixed_highs,Norse,highs,100,warm_primal_simplex,3,95,0.0146,7,0,OPTIMAL
norse_fixed_highs,Norse,highs,100,warm_primal_simplex,3,96,0.0130,4,0,OPTIMAL
norse_fixed_highs,Norse,highs,100,warm_primal_simplex,3,97,0.0135,2,0,OPTIMAL
norse_fixed_highs,Norse,highs,100,warm_primal_simplex,3,98,0.0168,8,0,OPTIMAL
norse_fixed_highs,Norse,highs,100,warm_primal_simplex,3,99,0.0161,8,0,OPTIMAL
norse_fixed_highs,Norse,highs,100,warm_primal_simplex,3,100,0.0128,4,0,OPTIMAL
